Workbook

Sheet YEAR 8
A1: BAHASA MELAYU
D2: Distinction | F2: Credit | J2: Pass | L2: Fail
A3: Class | B3: Taught By | C3: Total | D3: A* | E3: A2 | F3: B3 | G3: B4 | H3: C5 | I3: C6 | J3: D7 | K3: E8 | L3: U | M3: Total 1-6 | N3: % 1-6 | O3: Total 1-8 | P3: % 1-8
A4: YEAR 7H | B4: CG SITI IZYAN | C4: =SUM(D4:L4) -> 23 | D4: ='[1]MASTER '!$J$38 -> 0 | E4: ='[1]MASTER '!$J$39 -> 2 | F4: ='[1]MASTER '!$J$40 -> 4 | G4: ='[1]MASTER '!$J$41 -> 4 | H4: ='[1]MASTER '!$J$42 -> 2 | I4: ='[1]MASTER '!$J$43 -> 6 | J4: ='[1]MASTER '!$J$44 -> 5 | K4: ='[1]MASTER '!$J$45 -> 0 | L4: ='[1]MASTER '!$J$46 -> 0 | M4: =SUM(D4:I4) -> 18 | N4: =((M4/C4)*100) -> 78.26087 | O4: =SUM(D4:K4) -> 23 | P4: =((O4/C4)*100) -> 100
A5: YEAR 7A | B5: CG NONI RATINA | C5: =SUM(D5:L5) -> 19 | D5: ='[2]MASTER '!$J$38 -> 0 | E5: ='[2]MASTER '!$CW$39 -> 6 | F5: ='[2]MASTER '!$CW$40 -> 1 | G5: ='[2]MASTER '!$CW$41 -> 2 | H5: ='[2]MASTER '!$CW$42 -> 3 | I5: ='[2]MASTER '!$CW$43 -> 3 | J5: ='[2]MASTER '!$CW$44 -> 2 | K5: ='[2]MASTER '!$CW$45 -> 1 | L5: ='[2]MASTER '!$CW$46 -> 1 | M5: =SUM(D5:I5) -> 15 | N5: =((M5/C5)*100) -> 78.947368 | O5: =SUM(D5:K5) -> 18 | P5: =((O5/C5)*100) -> 94.736842
A6: YEAR 7R | B6: CG ERMAWATI | C6: =SUM(D6:L6) -> 27 | D6: ='[3]MASTER '!$J$38 -> 0 | E6: ='[3]MASTER '!$J$39 -> 0 | F6: ='[3]MASTER '!$J$40 -> 0 | G6: ='[3]MASTER '!$J$41 -> 1 | H6: ='[3]MASTER '!$J$42 -> 9 | I6: ='[3]MASTER '!$J$43 -> 6 | J6: ='[3]MASTER '!$J$44 -> 10 | K6: ='[3]MASTER '!$J$45 -> 1 | L6: ='[3]MASTER '!$J$46 -> 0 | M6: =SUM(D6:I6) -> 16 | N6: =((M6/C6)*100) -> 59.259259 | O6: =SUM(D6:K6) -> 27 | P6: =((O6/C6)*100) -> 100
A7: YEAR 7M | B7: CG ERMAWATI | C7: =SUM(D7:L7) -> 26 | D7: {=TRANSPOSE('[4]MASTER '!$J$38:$J$46)} -> 0 | E7: 1 | F7: 2 | G7: 6 | H7: 6 | I7: 6 | J7: 3 | K7: 1 | L7: 1 | M7: =SUM(D7:I7) -> 21 | N7: =((M7/C7)*100) -> 80.769231 | O7: =SUM(D7:K7) -> 25 | P7: =((O7/C7)*100) -> 96.153846
A8: YEAR 7O | B8: CG ERMAWATI | C8: =SUM(D8:L8) -> 24 | D8: {=TRANSPOSE('[5]MASTER '!$J$38:J46)} -> 0 | E8: 0 | F8: 5 | G8: 4 | H8: 3 | I8: 6 | J8: 6 | K8: 0 | L8: 0 | M8: =SUM(D8:I8) -> 18 | N8: =((M8/C8)*100) -> 75 | O8: =SUM(D8:K8) -> 24 | P8: =((O8/C8)*100) -> 100
A9: YEAR 7N | B9: CG NONI RATINA | C9: =SUM(D9:L9) -> 21 | D9: {=TRANSPOSE('[6]MASTER '!$J$38:J46)} -> 0 | E9: 0 | F9: 0 | G9: 0 | H9: 0 | I9: 3 | J9: 12 | K9: 4 | L9: 2 | M9: =SUM(D9:I9) -> 3 | N9: =((M9/C9)*100) -> 14.285714 | O9: =SUM(D9:K9) -> 19 | P9: =((O9/C9)*100) -> 90.47619
A10: YEAR 7Y | B10: CG SITI NOOR RAHAYU | C10: =SUM(D10:L10) -> 19 | D10: ='[7]MASTER '!$J$38 -> 0 | E10: ='[7]MASTER '!$J$39 -> 0 | F10: ='[7]MASTER '!$J$40 -> 0 | G10: ='[7]MASTER '!$J$41 -> 2 | H10: ='[7]MASTER '!$J$42 -> 1 | I10: ='[7]MASTER '!$J$43 -> 0 | J10: ='[7]MASTER '!$J$44 -> 5 | K10: ='[7]MASTER '!$J$45 -> 8 | L10: ='[7]MASTER '!$J$46 -> 3 | M10: =SUM(D10:I10) -> 3 | N10: =((M10/C10)*100) -> 15.789474 | O10: =SUM(D10:K10) -> 16 | P10: =((O10/C10)*100) -> 84.210526
A11: Overall | C11: =SUM(C4:C10) -> 159 | D11: =SUM(D4:D10) -> 0 | E11: =SUM(E4:E10) -> 9 | F11: =SUM(F4:F10) -> 12 | G11: =SUM(G4:G10) -> 19 | H11: =SUM(H4:H10) -> 24 | I11: =SUM(I4:I10) -> 30 | J11: =SUM(J4:J10) -> 43 | ... L11: =SUM(L4:L10) -> 7 | M11: =SUM(D11:I11) -> 94 | N11: =((M11/C11)*100) -> 59.119497 | O11: =SUM(D11:K11) -> 152 | P11: =((O11/C11)*100) -> 95.597484
A12: ENGLISH LANGUAGE
D13: Distinction | F13: Credit | J13: Pass | L13: Fail
A14: Class | B14: Taught By | C14: Total | D14: A* | E14: A2 | F14: B3 | G14: B4 | H14: C5 | I14: C6 | J14: D7 | K14: E8 | L14: U | M14: Total 1-6 | N14: % 1-6 | O14: Total 1-8 | P14: % 1-8
A15: YEAR 7H | B15: CG AIMI LIYANA | C15: =SUM(D15:L15) -> 23 | D15: ='[1]MASTER '!$T$38 -> 6 | E15: ='[1]MASTER '!$T$39 -> 11 | F15: ='[1]MASTER '!$T$40 -> 5 | G15: ='[1]MASTER '!$T$41 -> 0 | H15: ='[1]MASTER '!$T$42 -> 0 | I15: ='[1]MASTER '!$T$43 -> 1 | J15: ='[1]MASTER '!$T$44 -> 0 | K15: ='[1]MASTER '!$T$45 -> 0 | L15: ='[1]MASTER '!$T$46 -> 0 | M15: =SUM(D15:I15) -> 23 | N15: =((M15/C15)*100) -> 100 | O15: =SUM(D15:K15) -> 23 | P15: =((O15/C15)*100) -> 100
A16: YEAR 7A | B16: CG DEREK | C16: =SUM(D16:L16) -> 21 | D16: ='[2]MASTER '!$T$38 -> 11 | E16: ='[2]MASTER '!$T$39 -> 6 | F16: ='[2]MASTER '!$T$40 -> 2 | G16: ='[2]MASTER '!$T$41 -> 1 | H16: ='[2]MASTER '!$T$42 -> 0 | I16: ='[2]MASTER '!$T$43 -> 0 | J16: ='[2]MASTER '!$T$44 -> 1 | K16: ='[2]MASTER '!$T$45 -> 0 | L16: ='[2]MASTER '!$T$46 -> 0 | M16: =SUM(D16:I16) -> 20 | N16: =((M16/C16)*100) -> 95.238095 | O16: =SUM(D16:K16) -> 21 | P16: =((O16/C16)*100) -> 100
A17: YEAR 7R | B17: CG AIMI LIYANA | C17: =SUM(D17:L17) -> 27 | D17: ='[3]MASTER '!$T$38 -> 16 | E17: ='[3]MASTER '!$T$39 -> 8 | F17: ='[3]MASTER '!$T$40 -> 0 | G17: ='[3]MASTER '!$T$41 -> 2 | H17: ='[3]MASTER '!$T$42 -> 1 | I17: ='[3]MASTER '!$T$43 -> 0 | J17: ='[3]MASTER '!$T$44 -> 0 | K17: ='[3]MASTER '!$T$45 -> 0 | L17: ='[3]MASTER '!$T$46 -> 0 | M17: =SUM(D17:I17) -> 27 | N17: =((M17/C17)*100) -> 100 | O17: =SUM(D17:K17) -> 27 | P17: =((O17/C17)*100) -> 100
A18: YEAR 7M | B18: CG DEREK | C18: =SUM(D18:L18) -> 26 | D18: ='[4]MASTER '!$T$38 -> 14 | E18: ='[4]MASTER '!$T$39 -> 6 | F18: ='[4]MASTER '!$T$40 -> 4 | G18: ='[4]MASTER '!$T$41 -> 1 | H18: ='[1]MASTER '!$T$42 -> 0 | I18: ='[1]MASTER '!$T$43 -> 1 | J18: ='[1]MASTER '!$T$44 -> 0 | K18: ='[1]MASTER '!$T$45 -> 0 | L18: ='[1]MASTER '!$T$46 -> 0 | M18: =SUM(D18:I18) -> 26 | N18: =((M18/C18)*100) -> 100 | O18: =SUM(D18:K18) -> 26 | P18: =((O18/C18)*100) -> 100
A19: YEAR 7O | B19: CG AIMI LIYANA | C19: =SUM(D19:L19) -> 24 | D19: ='[5]MASTER '!$T$38 -> 0 | E19: ='[5]MASTER '!$T$39 -> 9 | F19: ='[5]MASTER '!$T$40 -> 4 | G19: ='[5]MASTER '!$T$41 -> 5 | H19: ='[5]MASTER '!$T$42 -> 1 | I19: ='[5]MASTER '!$T$43 -> 4 | J19: ='[5]MASTER '!$T$44 -> 1 | K19: ='[5]MASTER '!$T$45 -> 0 | L19: ='[5]MASTER '!$T$46 -> 0 | M19: =SUM(D19:I19) -> 23 | N19: =((M19/C19)*100) -> 95.833333 | O19: =SUM(D19:K19) -> 24 | P19: =((O19/C19)*100) -> 100
A20: YEAR 7N | B20: CG DEREK | C20: =SUM(D20:L20) -> 22 | D20: ='[6]MASTER '!$T$38 -> 2 | E20: ='[6]MASTER '!$T$39 -> 6 | F20: ='[6]MASTER '!$T$40 -> 3 | G20: ='[6]MASTER '!$T$41 -> 1 | H20: ='[6]MASTER '!$T$42 -> 1 | I20: ='[6]MASTER '!$T$43 -> 2 | J20: ='[6]MASTER '!$T$44 -> 6 | K20: ='[6]MASTER '!$T$45 -> 0 | L20: ='[6]MASTER '!$T$46 -> 1 | M20: =SUM(D20:I20) -> 15 | N20: =((M20/C20)*100) -> 68.181818 | O20: =SUM(D20:K20) -> 21 | P20: =((O20/C20)*100) -> 95.454545
A21: YEAR 7Y | B21: CG AIMI LIYANA | C21: =SUM(D21:L21) -> 19 | D21: ='[7]MASTER '!$T$38 -> 4 | E21: ='[7]MASTER '!$T$39 -> 2 | F21: ='[7]MASTER '!$T$40 -> 1 | G21: ='[7]MASTER '!$T$41 -> 1 | H21: ='[7]MASTER '!$T$42 -> 2 | I21: ='[7]MASTER '!$T$43 -> 3 | J21: ='[7]MASTER '!$T$44 -> 1 | K21: ='[7]MASTER '!$T$45 -> 3 | L21: ='[7]MASTER '!$T$46 -> 2 | M21: =SUM(D21:I21) -> 13 | N21: =((M21/C21)*100) -> 68.421053 | O21: =SUM(D21:K21) -> 17 | P21: =((O21/C21)*100) -> 89.473684
B22: Overall | C22: =SUM(C15:C21) -> 162 | D22: =SUM(D15:D21) -> 53 | E22: =SUM(E15:E21) -> 48 | F22: =SUM(F15:F21) -> 19 | G22: =SUM(G15:G21) -> 11 | H22: =SUM(H15:H21) -> 5 | I22: =SUM(I15:I21) -> 11 | J22: =SUM(J15:J21) -> 9 | ... L22: =SUM(L15:L21) -> 3 | M22: =SUM(D22:I22) -> 147 | N22: =((M22/C22)*100) -> 90.740741 | O22: =SUM(D22:K22) -> 159 | P22: =((O22/C22)*100) -> 98.148148
A23: ISLAMIC RELIGIOUS KNOWLEDGE
D24: Distinction | F24: Credit | J24: Pass | L24: Fail
A25: Class | B25: Taught By | C25: Total | D25: A* | E25: A2 | F25: B3 | G25: B4 | H25: C5 | I25: C6 | J25: D7 | K25: E8 | L25: U | M25: Total 1-6 | N25: % 1-6 | O25: Total 1-8 | P25: % 1-8
A26: YEAR 7H | B26: CG HJH FAUZIAHWATI | C26: =SUM(D26:L26) -> 23 | D26: ='[1]MASTER '!$AO$38 -> 15 | E26: ='[1]MASTER '!$AO$39 -> 4 | F26: ='[1]MASTER '!$AO$40 -> 3 | G26: ='[1]MASTER '!$AO$41 -> 1 | H26: ='[1]MASTER '!$AO$42 -> 0 | I26: ='[1]MASTER '!$AO$43 -> 0 | J26: ='[1]MASTER '!$AO$44 -> 0 | K26: ='[1]MASTER '!$AO$45 -> 0 | L26: ='[1]MASTER '!$AO$46 -> 0 | M26: =SUM(D26:I26) -> 23 | N26: =((M26/C26)*100) -> 100 | O26: =SUM(D26:K26) -> 23 | P26: =((O26/C26)*100) -> 100
A27: YEAR 7A | B27: CG HAJI MOHAMMAD AZMI | C27: =SUM(D27:L27) -> 21 | D27: ='[2]MASTER '!$AO$38 -> 5 | E27: ='[2]MASTER '!$AO$39 -> 5 | F27: ='[2]MASTER '!$AO$40 -> 3 | G27: ='[2]MASTER '!$AO$41 -> 3 | H27: ='[2]MASTER '!$AO$42 -> 2 | I27: ='[2]MASTER '!$AO$43 -> 1 | J27: ='[2]MASTER '!$AO$44 -> 1 | K27: ='[2]MASTER '!$AO$45 -> 1 | L27: ='[2]MASTER '!$AO$465 -> 0 | M27: =SUM(D27:I27) -> 19 | N27: =((M27/C27)*100) -> 90.47619 | O27: =SUM(D27:K27) -> 21 | P27: =((O27/C27)*100) -> 100
A28: YEAR 7R | B28: CG HJH FAUZIAHWATI | C28: =SUM(D28:L28) -> 27 | D28: ='[3]MASTER '!$AO$38 -> 4 | E28: ='[3]MASTER '!$AO$39 -> 6 | F28: ='[3]MASTER '!$AO$40 -> 1 | G28: ='[3]MASTER '!$AO$41 -> 3 | H28: ='[3]MASTER '!$AO$42 -> 4 | I28: ='[3]MASTER '!$AO$43 -> 1 | J28: ='[3]MASTER '!$AO$44 -> 6 | K28: ='[3]MASTER '!$AO$45 -> 1 | L28: ='[3]MASTER '!$AO$46 -> 1 | M28: =SUM(D28:I28) -> 19 | N28: =((M28/C28)*100) -> 70.37037 | O28: =SUM(D28:K28) -> 26 | P28: =((O28/C28)*100) -> 96.296296
A29: YEAR 7M | B29: CG HAJI MOHAMMAD AZMI | C29: =SUM(D29:L29) -> 26 | D29: ='[4]MASTER '!$AO$38 -> 11 | E29: ='[4]MASTER '!$AO$39 -> 7 | F29: ='[4]MASTER '!$AO$40 -> 0 | G29: ='[4]MASTER '!$AO$41 -> 5 | H29: ='[4]MASTER '!$AO$42 -> 1 | I29: ='[4]MASTER '!$AO$43 -> 0 | J29: ='[4]MASTER '!$AO$44 -> 2 | K29: ='[4]MASTER '!$AO$45 -> 0 | L29: ='[4]MASTER '!$AO$46 -> 0 | M29: =SUM(D29:I29) -> 24 | N29: =((M29/C29)*100) -> 92.307692 | O29: =SUM(D29:K29) -> 26 | P29: =((O29/C29)*100) -> 100
A30: YEAR 7O | B30: CG HAJI MOHAMMAD AZMI | C30: =SUM(D30:L30) -> 24 | D30: ='[5]MASTER '!$AO$38 -> 5 | E30: ='[5]MASTER '!$AO$39 -> 3 | F30: ='[5]MASTER '!$AO$40 -> 0 | G30: ='[5]MASTER '!$AO$41 -> 3 | H30: ='[5]MASTER '!$AO$42 -> 3 | I30: ='[5]MASTER '!$AO$43 -> 2 | J30: ='[5]MASTER '!$AO$44 -> 2 | K30: ='[5]MASTER '!$AO$45 -> 1 | L30: ='[5]MASTER '!$AO$46 -> 5 | M30: =SUM(D30:I30) -> 16 | N30: =((M30/C30)*100) -> 66.666667 | O30: =SUM(D30:K30) -> 19 | P30: =((O30/C30)*100) -> 79.166667
A31: YEAR 7N | B31: CG HJH FAUZIAHWATI | C31: =SUM(D31:L31) -> 23 | D31: ='[6]MASTER '!$AO$38 -> 3 | E31: ='[6]MASTER '!$AO$39 -> 11 | F31: ='[6]MASTER '!$AO$40 -> 1 | G31: ='[6]MASTER '!$AO$41 -> 2 | H31: ='[6]MASTER '!$AO$42 -> 1 | I31: ='[6]MASTER '!$AO$43 -> 1 | J31: ='[6]MASTER '!$AO$44 -> 1 | K31: ='[6]MASTER '!$AO$45 -> 2 | L31: ='[6]MASTER '!$AO$46 -> 1 | M31: =SUM(D31:I31) -> 19 | N31: =((M31/C31)*100) -> 82.608696 | O31: =SUM(D31:K31) -> 22 | P31: =((O31/C31)*100) -> 95.652174
A32: YEAR 7Y | B32: CG HJH FAUZIAHWATI | C32: =SUM(D32:L32) -> 19 | D32: ='[7]MASTER '!$AO$38 -> 0 | E32: ='[7]MASTER '!$AO$39 -> 1 | F32: ='[7]MASTER '!$AO$40 -> 1 | G32: ='[7]MASTER '!$AO$41 -> 1 | H32: ='[7]MASTER '!$AO$42 -> 0 | I32: ='[7]MASTER '!$AO$43 -> 0 | J32: ='[7]MASTER '!$AO$44 -> 4 | K32: ='[7]MASTER '!$AO$45 -> 3 | L32: ='[7]MASTER '!$AO$46 -> 9 | M32: =SUM(D32:I32) -> 3 | N32: =((M32/C32)*100) -> 15.789474 | O32: =SUM(D32:K32) -> 10 | P32: =((O32/C32)*100) -> 52.631579
B33: Overall | C33: =SUM(C26:C32) -> 163 | D33: =SUM(D26:D32) -> 43 | E33: =SUM(E26:E32) -> 37 | F33: =SUM(F26:F32) -> 9 | G33: =SUM(G26:G32) -> 18 | H33: =SUM(H26:H32) -> 11 | I33: =SUM(I26:I32) -> 5 | J33: =SUM(J26:J32) -> 16 | ... L33: =SUM(L26:L32) -> 16 | M33: =SUM(D33:I33) -> 123 | N33: =((M33/C33)*100) -> 75.460123 | O33: =SUM(D33:K33) -> 147 | P33: =((O33/C33)*100) -> 90.184049
A34: SOCIAL STUDIES
D35: Distinction | F35: Credit | J35: Pass | L35: Fail
A36: Class | B36: Taught By | C36: Total | D36: A* | E36: A2 | F36: B3 | G36: B4 | H36: C5 | I36: C6 | J36: D7 | K36: E8 | L36: U | M36: Total 1-6 | N36: % 1-6 | O36: Total 1-8 | P36: % 1-8
A37: YEAR 7H | B37: CG PG HJH MARLINAWATI | C37: =SUM(D37:L37) -> 23 | D37: ='[1]MASTER '!$BI$38 -> 18 | E37: ='[1]MASTER '!$BI$39 -> 4 | F37: ='[1]MASTER '!$BI$40 -> 0 | G37: ='[1]MASTER '!$BI$41 -> 1 | H37: ='[1]MASTER '!$BI$42 -> 0 | I37: ='[1]MASTER '!$BI$43 -> 0 | J37: ='[1]MASTER '!$BI$44 -> 0 | K37: ='[1]MASTER '!$BI$45 -> 0 | L37: ='[1]MASTER '!$BI$46 -> 0 | M37: =SUM(D37:I37) -> 23 | N37: =((M37/C37)*100) -> 100 | O37: =SUM(D37:K37) -> 23 | P37: =((O37/C37)*100) -> 100
A38: YEAR 7A | B38: CG SUNARDI | C38: =SUM(D38:L38) -> 21 | D38: ='[2]MASTER '!$BI$38 -> 0 | E38: ='[2]MASTER '!$BI$39 -> 3 | F38: ='[2]MASTER '!$BI$40 -> 0 | G38: ='[2]MASTER '!$BI$41 -> 0 | H38: ='[2]MASTER '!$BI$42 -> 3 | I38: ='[2]MASTER '!$BI$43 -> 8 | J38: ='[2]MASTER '!$BI$44 -> 6 | K38: ='[2]MASTER '!$BI$45 -> 1 | L38: ='[2]MASTER '!$BI$46 -> 0 | M38: =SUM(D38:I38) -> 14 | N38: =((M38/C38)*100) -> 66.666667 | O38: =SUM(D38:K38) -> 21 | P38: =((O38/C38)*100) -> 100
A39: YEAR 7R | B39: CG PG HJH MARLINAWATI | C39: =SUM(D39:L39) -> 27 | D39: ='[3]MASTER '!$BI$38 -> 2 | E39: ='[3]MASTER '!$BI$39 -> 9 | F39: ='[3]MASTER '!$BI$40 -> 6 | G39: ='[3]MASTER '!$BI$41 -> 2 | H39: ='[3]MASTER '!$BI$42 -> 3 | I39: ='[3]MASTER '!$BI$43 -> 2 | J39: ='[3]MASTER '!$BI$44 -> 2 | K39: ='[3]MASTER '!$BI$45 -> 1 | L39: ='[3]MASTER '!$BI$46 -> 0 | M39: =SUM(D39:I39) -> 24 | N39: =((M39/C39)*100) -> 88.888889 | O39: =SUM(D39:K39) -> 27 | P39: =((O39/C39)*100) -> 100
A40: YEAR 7M | B40: CG SUNARDI | C40: =SUM(D40:L40) -> 26 | D40: ='[4]MASTER '!$BI$38 -> 0 | E40: ='[4]MASTER '!$BI$39 -> 3 | F40: ='[4]MASTER '!$BI$40 -> 1 | G40: ='[4]MASTER '!$BI$41 -> 2 | H40: ='[4]MASTER '!$BI$42 -> 4 | I40: ='[4]MASTER '!$BI$43 -> 3 | J40: ='[4]MASTER '!$BI$44 -> 11 | K40: ='[4]MASTER '!$BI$45 -> 2 | L40: ='[4]MASTER '!$BI$46 -> 0 | M40: =SUM(D40:I40) -> 13 | N40: =((M40/C40)*100) -> 50 | O40: =SUM(D40:K40) -> 26 | P40: =((O40/C40)*100) -> 100
A41: YEAR 7O | B41: CG PG HJH MARLINAWATI | C41: =SUM(D41:L41) -> 24 | D41: ='[5]MASTER '!$BI$38 -> 2 | E41: ='[5]MASTER '!$BI$39 -> 8 | F41: ='[5]MASTER '!$BI$40 -> 2 | G41: ='[5]MASTER '!$BI$41 -> 4 | H41: ='[5]MASTER '!$BI$42 -> 3 | I41: ='[5]MASTER '!$BI$43 -> 0 | J41: ='[5]MASTER '!$BI$44 -> 5 | K41: ='[5]MASTER '!$BI$45 -> 0 | L41: ='[5]MASTER '!$BI$46 -> 0 | M41: =SUM(D41:I41) -> 19 | N41: =((M41/C41)*100) -> 79.166667 | O41: =SUM(D41:K41) -> 24 | P41: =((O41/C41)*100) -> 100
A42: YEAR 7N | B42: CG AZYMAH | C42: =SUM(D42:L42) -> 21 | D42: ='[6]MASTER '!$BI$38 -> 0 | E42: ='[6]MASTER '!$BI$39 -> 6 | F42: ='[6]MASTER '!$BI$40 -> 1 | G42: ='[6]MASTER '!$BI$41 -> 2 | H42: ='[6]MASTER '!$BI$42 -> 3 | I42: ='[6]MASTER '!$BI$43 -> 4 | J42: ='[6]MASTER '!$BI$44 -> 5 | K42: ='[6]MASTER '!$BI$45 -> 0 | L42: ='[6]MASTER '!$BI$46 -> 0 | M42: =SUM(D42:I42) -> 16 | N42: =((M42/C42)*100) -> 76.190476 | O42: =SUM(D42:K42) -> 21 | P42: =((O42/C42)*100) -> 100
A43: YEAR 7Y | B43: CG SUNARDI | C43: =SUM(D43:L43) -> 19 | D43: ='[7]MASTER '!$BI$38 -> 0 | E43: ='[7]MASTER '!$BI$39 -> 0 | F43: ='[7]MASTER '!$BI$40 -> 2 | G43: ='[7]MASTER '!$BI$41 -> 0 | H43: ='[7]MASTER '!$BI$42 -> 0 | I43: ='[7]MASTER '!$BI$43 -> 0 | J43: ='[7]MASTER '!$BI$44 -> 5 | K43: ='[7]MASTER '!$BI$45 -> 3 | L43: ='[7]MASTER '!$BI$46 -> 9 | M43: =SUM(D43:I43) -> 2 | N43: =((M43/C43)*100) -> 10.526316 | O43: =SUM(D43:K43) -> 10 | P43: =((O43/C43)*100) -> 52.631579
B44: Overall | C44: =SUM(C37:C43) -> 161 | D44: =SUM(D37:D43) -> 22 | E44: =SUM(E37:E43) -> 33 | F44: =SUM(F37:F43) -> 12 | G44: =SUM(G37:G43) -> 11 | H44: =SUM(H37:H43) -> 16 | I44: =SUM(I37:I43) -> 17 | J44: =SUM(J37:J43) -> 34 | ... L44: =SUM(L37:L43) -> 9 | M44: =SUM(D44:I44) -> 111 | N44: =((M44/C44)*100) -> 68.944099 | O44: =SUM(D44:K44) -> 152 | P44: =((O44/C44)*100) -> 94.409938
A45: MATHEMATICS
D46: Distinction | F46: Credit | J46: Pass | L46: Fail
A47: Class | B47: Taught By | C47: Total | D47: A* | E47: A2 | F47: B3 | G47: B4 | H47: C5 | I47: C6 | J47: D7 | K47: E8 | L47: U | M47: Total 1-6 | N47: % 1-6 | O47: Total 1-8 | P47: % 1-8
A48: YEAR 7H | B48: CG HJH UMIKALSHOM | C48: =SUM(D48:L48) -> 23 | D48: ='[1]MASTER '!$AE$38 -> 1 | E48: ='[1]MASTER '!$AE$39 -> 1 | F48: ='[1]MASTER '!$AE$40 -> 1 | G48: ='[1]MASTER '!$AE$41 -> 1 | H48: ='[1]MASTER '!$AE$42 -> 5 | I48: ='[1]MASTER '!$AE$43 -> 2 | J48: ='[1]MASTER '!$AE$44 -> 8 | K48: ='[1]MASTER '!$AE$45 -> 2 | L48: ='[1]MASTER '!$AE$46 -> 2 | M48: =SUM(D48:I48) -> 11 | N48: =((M48/C48)*100) -> 47.826087 | O48: =SUM(D48:K48) -> 21 | P48: =((O48/C48)*100) -> 91.304348
A49: YEAR 7A | B49: CG DK NORAZLINA | C49: =SUM(D49:L49) -> 20 | D49: ='[2]MASTER '!$AE$38 -> 4 | E49: ='[2]MASTER '!$AE$39 -> 2 | F49: ='[2]MASTER '!$AE$40 -> 3 | G49: ='[2]MASTER '!$AE$41 -> 1 | H49: ='[2]MASTER '!$AE$42 -> 3 | I49: ='[2]MASTER '!$AE$43 -> 1 | J49: ='[2]MASTER '!$AE$44 -> 1 | K49: ='[2]MASTER '!$AE$45 -> 1 | L49: ='[2]MASTER '!$AE$46 -> 4 | M49: =SUM(D49:I49) -> 14 | N49: =((M49/C49)*100) -> 70 | O49: =SUM(D49:K49) -> 16 | P49: =((O49/C49)*100) -> 80
A50: YEAR 7R | B50: CG HJH SYUHAIRAH | C50: =SUM(D50:L50) -> 27 | D50: ='[3]MASTER '!$AE$38 -> 4 | E50: ='[3]MASTER '!$AE$39 -> 6 | F50: ='[3]MASTER '!$AE$40 -> 2 | G50: ='[3]MASTER '!$AE$41 -> 3 | H50: ='[3]MASTER '!$AE$42 -> 5 | I50: ='[3]MASTER '!$AE$43 -> 2 | J50: ='[3]MASTER '!$AE$44 -> 3 | K50: ='[3]MASTER '!$AE$45 -> 2 | L50: ='[3]MASTER '!$AE$46 -> 0 | M50: =SUM(D50:I50) -> 22 | N50: =((M50/C50)*100) -> 81.481481 | O50: =SUM(D50:K50) -> 27 | P50: =((O50/C50)*100) -> 100
A51: YEAR 7M | B51: CG MAHANI | C51: =SUM(D51:L51) -> 26 | D51: ='[4]MASTER '!$AE$38 -> 1 | E51: ='[4]MASTER '!$AE$39 -> 0 | F51: ='[4]MASTER '!$AE$40 -> 2 | G51: ='[4]MASTER '!$AE$41 -> 1 | H51: ='[4]MASTER '!$AE$42 -> 2 | I51: ='[4]MASTER '!$AE$43 -> 2 | J51: ='[4]MASTER '!$AE$44 -> 4 | K51: ='[4]MASTER '!$AE$45 -> 10 | L51: ='[4]MASTER '!$AE$46 -> 4 | M51: =SUM(D51:I51) -> 8 | N51: =((M51/C51)*100) -> 30.769231 | O51: =SUM(D51:K51) -> 22 | P51: =((O51/C51)*100) -> 84.615385
A52: YEAR 7O | B52: CG HJH SYUHAIRAH | C52: =SUM(D52:L52) -> 24 | D52: ='[5]MASTER '!$AE$38 -> 0 | E52: ='[5]MASTER '!$AE$39 -> 1 | F52: ='[5]MASTER '!$AE$40 -> 0 | G52: ='[5]MASTER '!$AE$41 -> 0 | H52: ='[5]MASTER '!$AE$42 -> 1 | I52: ='[5]MASTER '!$AE$43 -> 3 | J52: ='[5]MASTER '!$AE$44 -> 7 | K52: ='[5]MASTER '!$AE$45 -> 3 | L52: ='[5]MASTER '!$AE$46 -> 9 | M52: =SUM(D52:I52) -> 5 | N52: =((M52/C52)*100) -> 20.833333 | O52: =SUM(D52:K52) -> 15 | P52: =((O52/C52)*100) -> 62.5
A53: YEAR 7N | B53: CG HJH SYUHAIRAH | C53: =SUM(D53:L53) -> 21 | D53: ='[6]MASTER '!$AE$38 -> 1 | E53: ='[6]MASTER '!$AE$39 -> 1 | F53: ='[6]MASTER '!$AE$40 -> 2 | G53: ='[6]MASTER '!$AE$41 -> 3 | H53: ='[6]MASTER '!$AE$42 -> 3 | I53: ='[6]MASTER '!$AE$43 -> 4 | J53: ='[6]MASTER '!$AE$44 -> 3 | K53: ='[6]MASTER '!$AE$45 -> 2 | L53: ='[6]MASTER '!$AE$46 -> 2 | M53: =SUM(D53:I53) -> 14 | N53: =((M53/C53)*100) -> 66.666667 | O53: =SUM(D53:K53) -> 19 | P53: =((O53/C53)*100) -> 90.47619
A54: YEAR 7Y | B54: CG HJH UMIKALSHOM | C54: =SUM(D54:L54) -> 21 | D54: ='[6]MASTER '!$AE$38 -> 1 | E54: ='[6]MASTER '!$AE$39 -> 1 | F54: ='[6]MASTER '!$AE$40 -> 2 | G54: ='[6]MASTER '!$AE$41 -> 3 | H54: ='[6]MASTER '!$AE$42 -> 3 | I54: ='[6]MASTER '!$AE$43 -> 4 | J54: ='[6]MASTER '!$AE$44 -> 3 | K54: ='[6]MASTER '!$AE$45 -> 2 | L54: ='[6]MASTER '!$AE$46 -> 2 | M54: =SUM(D54:I54) -> 14 | N54: =((M54/C54)*100) -> 66.666667 | O54: =SUM(D54:K54) -> 19 | P54: =((O54/C54)*100) -> 90.47619
B55: Overall | C55: =SUM(C48:C54) -> 162 | D55: =SUM(D48:D54) -> 12 | E55: =SUM(E48:E54) -> 12 | F55: =SUM(F48:F54) -> 12 | G55: =SUM(G48:G54) -> 12 | H55: =SUM(H48:H54) -> 22 | I55: =SUM(I48:I54) -> 18 | J55: =SUM(J48:J54) -> 29 | ... L55: =SUM(L48:L54) -> 23 | M55: =SUM(D55:I55) -> 88 | N55: =((M55/C55)*100) -> 54.320988 | O55: =SUM(D55:K55) -> 139 | P55: =((O55/C55)*100) -> 85.802469
A56: SCIENCE
D57: Distinction | F57: Credit | J57: Pass | L57: Fail
A58: Class | B58: Taught By | C58: Total | D58: A* | E58: A2 | F58: B3 | G58: B4 | H58: C5 | I58: C6 | J58: D7 | K58: E8 | L58: U | M58: Total 1-6 | N58: % 1-6 | O58: Total 1-8 | P58: % 1-8
A59: YEAR 7H | B59: CG HJH SITI SOFINA | C59: =SUM(D59:L59) -> 23 | D59: ='[1]MASTER '!$AY$38 -> 0 | E59: ='[1]MASTER '!$AY$39 -> 1 | F59: ='[1]MASTER '!$AY$40 -> 2 | G59: ='[1]MASTER '!$AY$41 -> 9 | H59: ='[1]MASTER '!$AY$42 -> 1 | I59: ='[1]MASTER '!$AY$43 -> 5 | J59: ='[1]MASTER '!$AY$44 -> 3 | K59: ='[1]MASTER '!$AY$45 -> 2 | L59: ='[1]MASTER '!$AY$46 -> 0 | M59: =SUM(D59:I59) -> 18 | N59: =((M59/C59)*100) -> 78.26087 | O59: =SUM(D59:K59) -> 23 | P59: =((O59/C59)*100) -> 100
A60: YEAR 7A | B60: CG NORIANI | C60: =SUM(D60:L60) -> 21 | D60: ='[2]MASTER '!$AY$38 -> 0 | E60: ='[2]MASTER '!$AY$39 -> 1 | F60: ='[2]MASTER '!$AY$40 -> 0 | G60: ='[2]MASTER '!$AY$41 -> 1 | H60: ='[2]MASTER '!$AY$42 -> 0 | I60: ='[2]MASTER '!$AY$43 -> 4 | J60: ='[2]MASTER '!$AY$44 -> 5 | K60: ='[2]MASTER '!$AY$45 -> 8 | L60: ='[2]MASTER '!$AY$46 -> 2 | M60: =SUM(D60:I60) -> 6 | N60: =((M60/C60)*100) -> 28.571429 | O60: =SUM(D60:K60) -> 19 | P60: =((O60/C60)*100) -> 90.47619
A61: YEAR 7R | B61: CG NORIANI | C61: =SUM(D61:L61) -> 27 | D61: ='[3]MASTER '!$AY$38 -> 0 | E61: ='[3]MASTER '!$AY$39 -> 0 | F61: ='[3]MASTER '!$AY$40 -> 1 | G61: ='[3]MASTER '!$AY$41 -> 0 | H61: ='[3]MASTER '!$AY$42 -> 0 | I61: ='[3]MASTER '!$AY$43 -> 2 | J61: ='[3]MASTER '!$AY$44 -> 8 | K61: ='[3]MASTER '!$AY$45 -> 10 | L61: ='[3]MASTER '!$AY$46 -> 6 | M61: =SUM(D61:I61) -> 3 | N61: =((M61/C61)*100) -> 11.111111 | O61: =SUM(D61:K61) -> 21 | P61: =((O61/C61)*100) -> 77.777778
A62: YEAR 7M | B62: CG HJH SITI SOFINA | C62: =SUM(D62:L62) -> 26 | D62: ='[4]MASTER '!$AY$38 -> 0 | E62: ='[4]MASTER '!$AY$39 -> 0 | F62: ='[4]MASTER '!$AY$40 -> 0 | G62: ='[4]MASTER '!$AY$41 -> 0 | H62: ='[4]MASTER '!$AY$42 -> 1 | I62: ='[4]MASTER '!$AY$43 -> 3 | J62: ='[4]MASTER '!$AY$44 -> 9 | K62: ='[4]MASTER '!$AY$45 -> 9 | L62: ='[4]MASTER '!$AY$46 -> 4 | M62: =SUM(D62:I62) -> 4 | N62: =((M62/C62)*100) -> 15.384615 | O62: =SUM(D62:K62) -> 22 | P62: =((O62/C62)*100) -> 84.615385
A63: YEAR 7O | B63: CG NORIANI | C63: =SUM(D63:L63) -> 24 | D63: ='[5]MASTER '!$AY$38 -> 0 | E63: ='[5]MASTER '!$AY$39 -> 0 | F63: ='[5]MASTER '!$AY$40 -> 0 | G63: ='[5]MASTER '!$AY$41 -> 0 | H63: ='[5]MASTER '!$AY$42 -> 0 | I63: ='[5]MASTER '!$AY$43 -> 0 | J63: ='[5]MASTER '!$AY$44 -> 7 | K63: ='[5]MASTER '!$AY$45 -> 7 | L63: ='[5]MASTER '!$AY$46 -> 10 | M63: =SUM(D63:I63) -> 0 | N63: =((M63/C63)*100) -> 0 | O63: =SUM(D63:K63) -> 14 | P63: =((O63/C63)*100) -> 58.333333
A64: YEAR 7N | B64: CG NORIANI | C64: =SUM(D64:L64) -> 21 | D64: ='[6]MASTER '!$AY$38 -> 0 | E64: ='[6]MASTER '!$AY$39 -> 0 | F64: ='[6]MASTER '!$AY$40 -> 0 | G64: ='[6]MASTER '!$AY$41 -> 0 | H64: ='[6]MASTER '!$AY$42 -> 0 | I64: ='[6]MASTER '!$AY$43 -> 0 | J64: ='[6]MASTER '!$AY$44 -> 1 | K64: ='[6]MASTER '!$AY$45 -> 8 | L64: ='[6]MASTER '!$AY$46 -> 12 | M64: =SUM(D64:I64) -> 0 | N64: =((M64/C64)*100) -> 0 | O64: =SUM(D64:K64) -> 9 | P64: =((O64/C64)*100) -> 42.857143
A65: YEAR 7Y | B65: CG HJH SITI SOFINA | C65: =SUM(D65:L65) -> 19 | D65: ='[7]MASTER '!$AY$38 -> 0 | E65: ='[7]MASTER '!$AY$39 -> 0 | F65: ='[7]MASTER '!$AY$40 -> 1 | G65: ='[7]MASTER '!$AY$41 -> 0 | H65: ='[7]MASTER '!$AY$42 -> 0 | I65: ='[7]MASTER '!$AY$43 -> 0 | J65: ='[7]MASTER '!$AY$44 -> 0 | K65: ='[7]MASTER '!$AY$45 -> 1 | L65: ='[7]MASTER '!$AY$46 -> 17 | M65: =SUM(D65:I65) -> 1 | N65: =((M65/C65)*100) -> 5.2631579 | O65: =SUM(D65:K65) -> 2 | P65: =((O65/C65)*100) -> 10.526316
B66: Overall | C66: =SUM(C59:C65) -> 161 | D66: =SUM(D59:D65) -> 0 | E66: =SUM(E59:E65) -> 2 | F66: =SUM(F59:F65) -> 4 | G66: =SUM(G59:G65) -> 10 | H66: =SUM(H59:H65) -> 2 | I66: =SUM(I59:I65) -> 14 | J66: =SUM(J59:J65) -> 33 | ... L66: =SUM(L59:L65) -> 51 | M66: =SUM(D66:I66) -> 32 | N66: =((M66/C66)*100) -> 19.875776 | O66: =SUM(D66:K66) -> 110 | P66: =((O66/C66)*100) -> 68.322981
A67: BAHASA ARAB
D68: Distinction | F68: Credit | J68: Pass | L68: Fail
A69: Class | B69: Taught By | C69: Total | D69: A* | E69: A2 | F69: B3 | G69: B4 | H69: C5 | I69: C6 | J69: D7 | K69: E8 | L69: U | M69: Total 1-6 | N69: % 1-6 | O69: Total 1-8 | P69: % 1-8
A70: YEAR 7H | B70: CG HJH JURAINE | C70: =SUM(D70:L70) -> 23 | D70: ='[1]MASTER '!$CW$38 -> 15 | E70: ='[1]MASTER '!$CW$39 -> 6 | F70: ='[1]MASTER '!$CW$40 -> 0 | G70: ='[1]MASTER '!$CW$41 -> 0 | H70: ='[1]MASTER '!$CW$42 -> 1 | I70: ='[1]MASTER '!$CW$43 -> 0 | J70: ='[1]MASTER '!$CW$44 -> 1 | K70: ='[1]MASTER '!$CW$45 -> 0 | L70: ='[1]MASTER '!$CW$46 -> 0 | M70: =SUM(D70:I70) -> 22 | N70: =((M70/C70)*100) -> 95.652174 | O70: =SUM(D70:K70) -> 23 | P70: =((O70/C70)*100) -> 100
A71: YEAR 7A | B71: CG HJH JUSNANI | C71: =SUM(D71:L71) -> 21 | D71: ='[2]MASTER '!$CW$38 -> 2 | E71: ='[2]MASTER '!$CW$39 -> 6 | F71: ='[2]MASTER '!$CW$40 -> 1 | G71: ='[2]MASTER '!$CW$41 -> 2 | H71: ='[2]MASTER '!$CW$42 -> 3 | I71: ='[2]MASTER '!$CW$43 -> 3 | J71: ='[2]MASTER '!$CW$44 -> 2 | K71: ='[2]MASTER '!$CW$45 -> 1 | L71: ='[2]MASTER '!$CW$46 -> 1 | M71: =SUM(D71:I71) -> 17 | N71: =((M71/C71)*100) -> 80.952381 | O71: =SUM(D71:K71) -> 20 | P71: =((O71/C71)*100) -> 95.238095
A72: YEAR 7R | B72: CG HJH JUSNANI | C72: =SUM(D72:L72) -> 27 | D72: ='[3]MASTER '!$CW$38 -> 1 | E72: ='[3]MASTER '!$CW$39 -> 2 | F72: ='[3]MASTER '!$CW$40 -> 1 | G72: ='[3]MASTER '!$CW$41 -> 4 | H72: ='[3]MASTER '!$CW$42 -> 2 | I72: ='[3]MASTER '!$CW$43 -> 2 | J72: ='[3]MASTER '!$CW$44 -> 7 | K72: ='[3]MASTER '!$CW$45 -> 2 | L72: ='[3]MASTER '!$CW$46 -> 6 | M72: =SUM(D72:I72) -> 12 | N72: =((M72/C72)*100) -> 44.444444 | O72: =SUM(D72:K72) -> 21 | P72: =((O72/C72)*100) -> 77.777778
A73: YEAR 7M | B73: CG HJH JUSNANI | C73: =SUM(D73:L73) -> 26 | D73: ='[4]MASTER '!$CW$38 -> 0 | E73: ='[4]MASTER '!$CW$39 -> 4 | F73: ='[4]MASTER '!$CW$40 -> 0 | G73: ='[4]MASTER '!$CW$41 -> 3 | H73: ='[4]MASTER '!$CW$42 -> 3 | I73: ='[4]MASTER '!$CW$43 -> 5 | J73: ='[4]MASTER '!$CW$44 -> 4 | K73: ='[4]MASTER '!$CW$45 -> 5 | L73: ='[4]MASTER '!$CW$46 -> 2 | M73: =SUM(D73:I73) -> 15 | N73: =((M73/C73)*100) -> 57.692308 | O73: =SUM(D73:K73) -> 24 | P73: =((O73/C73)*100) -> 92.307692
A74: YEAR 7O | B74: CG HJH JUSNANI | C74: =SUM(D74:L74) -> 24 | D74: ='[5]MASTER '!$CW$38 -> 0 | E74: ='[5]MASTER '!$CW$39 -> 0 | F74: ='[5]MASTER '!$CW$40 -> 0 | G74: ='[5]MASTER '!$CW$41 -> 0 | H74: ='[5]MASTER '!$CW$42 -> 2 | I74: ='[5]MASTER '!$CW$43 -> 0 | J74: ='[5]MASTER '!$CW$44 -> 3 | K74: ='[5]MASTER '!$CW$45 -> 8 | L74: ='[5]MASTER '!$CW$46 -> 11 | M74: =SUM(D74:I74) -> 2 | N74: =((M74/C74)*100) -> 8.3333333 | O74: =SUM(D74:K74) -> 13 | P74: =((O74/C74)*100) -> 54.166667
B75: Overall | C75: =SUM(C70:C74) -> 121 | D75: =SUM(D70:D74) -> 18 | E75: =SUM(E70:E74) -> 18 | F75: =SUM(F70:F74) -> 2 | G75: =SUM(G70:G74) -> 9 | H75: =SUM(H70:H74) -> 11 | I75: =SUM(I70:I74) -> 10 | J75: =SUM(J70:J74) -> 17 | ... L75: =SUM(L70:L74) -> 20 | M75: =SUM(D75:I75) -> 68 | N75: =((M75/C75)*100) -> 56.198347 | O75: =SUM(D75:K75) -> 101 | P75: =((O75/C75)*100) -> 83.471074
A79: MELAYU ISLAM BERAJA
D80: Distinction | F80: Credit | J80: Pass | L80: Fail
A81: Class | B81: Taught By | C81: Total | D81: A* | E81: A2 | F81: B3 | G81: B4 | H81: C5 | I81: C6 | J81: D7 | K81: E8 | L81: U | M81: Total 1-6 | N81: % 1-6 | O81: Total 1-8 | P81: % 1-8
A82: YEAR 7H | B82: CG SITI IZYAN | C82: =SUM(D82:L82) -> 23 | D82: ='[1]MASTER '!$BS$38 -> 6 | E82: ='[1]MASTER '!$BS$39 -> 16 | F82: ='[1]MASTER '!$BS$40 -> 0 | G82: ='[1]MASTER '!$BS$41 -> 0 | H82: ='[1]MASTER '!$BS$42 -> 0 | I82: ='[1]MASTER '!$BS$43 -> 1 | J82: ='[1]MASTER '!$BS$44 -> 0 | K82: ='[1]MASTER '!$BS$345 -> 0 | L82: ='[1]MASTER '!$BS$46 -> 0 | M82: =SUM(D82:I82) -> 23 | N82: =((M82/C82)*100) -> 100 | O82: =SUM(D82:K82) -> 23 | P82: =((O82/C82)*100) -> 100
A83: YEAR 7A | B83: CG ERMAWATI | C83: =SUM(D83:L83) -> 21 | D83: ='[2]MASTER '!$BS$38 -> 3 | E83: ='[2]MASTER '!$BS$39 -> 6 | F83: ='[2]MASTER '!$BS$40 -> 5 | G83: ='[2]MASTER '!$BS$41 -> 2 | H83: ='[2]MASTER '!$BS$42 -> 0 | I83: ='[2]MASTER '!$BS$43 -> 3 | J83: ='[2]MASTER '!$BS$44 -> 2 | K83: ='[2]MASTER '!$BS$345 -> 0 | L83: ='[2]MASTER '!$BS$46 -> 0 | M83: =SUM(D83:I83) -> 19 | N83: =((M83/C83)*100) -> 90.47619 | O83: =SUM(D83:K83) -> 21 | P83: =((O83/C83)*100) -> 100
A84: YEAR 7R | B84: CG ERMAWATI | C84: =SUM(D84:L84) -> 26 | D84: ='[3]MASTER '!$BS$38 -> 2 | E84: ='[3]MASTER '!$BS$39 -> 10 | F84: ='[3]MASTER '!$BS$40 -> 5 | G84: ='[3]MASTER '!$BS$41 -> 4 | H84: ='[3]MASTER '!$BS$42 -> 5 | I84: ='[3]MASTER '!$BS$43 -> 0 | J84: ='[3]MASTER '!$BS$44 -> 0 | K84: ='[3]MASTER '!$BS$345 -> 0 | L84: ='[3]MASTER '!$BS$46 -> 0 | M84: =SUM(D84:I84) -> 26 | N84: =((M84/C84)*100) -> 100 | O84: =SUM(D84:K84) -> 26 | P84: =((O84/C84)*100) -> 100
A85: YEAR 7M | B85: CG AMALINA | C85: =SUM(D85:L85) -> 25 | D85: ='[4]MASTER '!$BS$38 -> 1 | E85: ='[4]MASTER '!$BS$39 -> 4 | F85: ='[4]MASTER '!$BS$40 -> 3 | G85: ='[4]MASTER '!$BS$41 -> 6 | H85: ='[4]MASTER '!$BS$42 -> 5 | I85: ='[4]MASTER '!$BS$43 -> 2 | J85: ='[4]MASTER '!$BS$44 -> 4 | K85: ='[4]MASTER '!$BS$345 -> 0 | L85: ='[4]MASTER '!$BS$46 -> 0 | M85: =SUM(D85:I85) -> 21 | N85: =((M85/C85)*100) -> 84 | O85: =SUM(D85:K85) -> 25 | P85: =((O85/C85)*100) -> 100
A86: YEAR 7O | B86: CG AMALINA | C86: =SUM(D86:L86) -> 23 | D86: ='[5]MASTER '!$BS$38 -> 0 | E86: ='[5]MASTER '!$BS$39 -> 9 | F86: ='[5]MASTER '!$BS$40 -> 1 | G86: ='[5]MASTER '!$BS$41 -> 5 | H86: ='[5]MASTER '!$BS$42 -> 2 | I86: ='[5]MASTER '!$BS$43 -> 6 | J86: ='[5]MASTER '!$BS$44 -> 0 | K86: ='[5]MASTER '!$BS$345 -> 0 | L86: ='[5]MASTER '!$BS$46 -> 0 | M86: =SUM(D86:I86) -> 23 | N86: =((M86/C86)*100) -> 100 | O86: =SUM(D86:K86) -> 23 | P86: =((O86/C86)*100) -> 100
A87: YEAR 7N | B87: CG SITI IZYAN | C87: =SUM(D87:L87) -> 22 | D87: ='[6]MASTER '!$BS$38 -> 3 | E87: ='[6]MASTER '!$BS$39 -> 4 | F87: ='[6]MASTER '!$BS$40 -> 5 | G87: ='[6]MASTER '!$BS$41 -> 1 | H87: ='[6]MASTER '!$BS$42 -> 3 | I87: ='[6]MASTER '!$BS$43 -> 2 | J87: ='[6]MASTER '!$BS$44 -> 2 | K87: ='[6]MASTER '!$BS$345 -> 0 | L87: ='[6]MASTER '!$BS$46 -> 2 | M87: =SUM(D87:I87) -> 18 | N87: =((M87/C87)*100) -> 81.818182 | O87: =SUM(D87:K87) -> 20 | P87: =((O87/C87)*100) -> 90.909091
A88: YEAR 7Y | B88: CG SITI IZYAN | C88: =SUM(D88:L88) -> 18 | D88: ='[7]MASTER '!$BS$38 -> 1 | E88: ='[7]MASTER '!$BS$39 -> 2 | F88: ='[7]MASTER '!$BS$40 -> 0 | G88: ='[7]MASTER '!$BS$41 -> 1 | H88: ='[7]MASTER '!$BS$42 -> 3 | I88: ='[7]MASTER '!$BS$43 -> 2 | J88: ='[7]MASTER '!$BS$44 -> 3 | K88: ='[7]MASTER '!$BS$345 -> 0 | L88: ='[7]MASTER '!$BS$46 -> 6 | M88: =SUM(D88:I88) -> 9 | N88: =((M88/C88)*100) -> 50 | O88: =SUM(D88:K88) -> 12 | P88: =((O88/C88)*100) -> 66.666667
B89: Overall | C89: =SUM(C82:C88) -> 158 | D89: =SUM(D82:D88) -> 16 | E89: =SUM(E82:E88) -> 51 | F89: =SUM(F82:F88) -> 19 | G89: =SUM(G82:G88) -> 19 | H89: =SUM(H82:H88) -> 18 | I89: =SUM(I82:I88) -> 16 | J89: =SUM(J82:J88) -> 11 | ... L89: =SUM(L82:L88) -> 8 | M89: =SUM(D89:I89) -> 139 | N89: =((M89/C89)*100) -> 87.974684 | O89: =SUM(D89:K89) -> 150 | P89: =((O89/C89)*100) -> 94.936709
A91: OVERALL PERFORMANCES
D93: Distinction | F93: Credit | J93: Pass | L93: Fail
A94: Subject | C94: Total | D94: A* | E94: A2 | F94: B3 | G94: B4 | H94: C5 | I94: C6 | J94: D7 | K94: E8 | L94: U | M94: Total 1-6 | N94: % 1-6 | O94: Total 1-8 | P94: % 1-8
A95: Bahasa Melayu | C95: =C11 -> 159 | D95: =D11 -> 0 | E95: =E11 -> 9 | F95: =F11 -> 12 | G95: =G11 -> 19 | H95: =H11 -> 24 | I95: =I11 -> 30 | J95: =J11 -> 43 | ... L95: =L11 -> 7 | M95: =SUM(D95:I95) -> 94 | N95: =(M95/C95)*100 -> 59.119497 | O95: =SUM(D95:K95) -> 152 | P95: =(O95/C95)*100 -> 95.597484
A96: English Language | C96: =C22 -> 162 | D96: =D22 -> 53 | E96: =E22 -> 48 | F96: =F22 -> 19 | G96: =G22 -> 11 | H96: =H22 -> 5 | I96: =I22 -> 11 | J96: =J22 -> 9 | ... L96: =L22 -> 3 | M96: =SUM(D96:I96) -> 147 | N96: =(M96/C96)*100 -> 90.740741 | O96: =SUM(D96:K96) -> 159 | P96: =(O96/C96)*100 -> 98.148148
A97: I.R.K | C97: =C33 -> 163 | D97: =D33 -> 43 | E97: =E33 -> 37 | F97: =F33 -> 9 | G97: =G33 -> 18 | H97: =H33 -> 11 | I97: =I33 -> 5 | J97: =J33 -> 16 | ... L97: =L33 -> 16 | M97: =SUM(D97:I97) -> 123 | N97: =(M97/C97)*100 -> 75.460123 | O97: =SUM(D97:K97) -> 147 | P97: =(O97/C97)*100 -> 90.184049
A98: Social Studies | C98: =C44 -> 161 | D98: =D44 -> 22 | E98: =E44 -> 33 | F98: =F44 -> 12 | G98: =G44 -> 11 | H98: =H44 -> 16 | I98: =I44 -> 17 | J98: =J44 -> 34 | ... L98: =L44 -> 9 | M98: =SUM(D98:I98) -> 111 | N98: =(M98/C98)*100 -> 68.944099 | O98: =SUM(D98:K98) -> 152 | P98: =(O98/C98)*100 -> 94.409938
A99: Mathematics | C99: =C55 -> 162 | D99: =D55 -> 12 | E99: =E55 -> 12 | F99: =F55 -> 12 | G99: =G55 -> 12 | H99: =H55 -> 22 | I99: =I55 -> 18 | J99: =J55 -> 29 | ... L99: =L55 -> 23 | M99: =SUM(D99:I99) -> 88 | N99: =(M99/C99)*100 -> 54.320988 | O99: =SUM(D99:K99) -> 139 | P99: =(O99/C99)*100 -> 85.802469
A100: Science | C100: =C66 -> 161 | D100: =D66 -> 0 | E100: =E66 -> 2 | F100: =F66 -> 4 | G100: =G66 -> 10 | H100: =H66 -> 2 | I100: =I66 -> 14 | J100: =J66 -> 33 | ... L100: =L66 -> 51 | M100: =SUM(D100:I100) -> 32 | N100: =(M100/C100)*100 -> 19.875776 | O100: =SUM(D100:K100) -> 110 | P100: =(O100/C100)*100 -> 68.322981
A101: Bahasa Arab | C101: =C75 -> 121 | D101: =D75 -> 18 | E101: =E75 -> 18 | F101: =F75 -> 2 | G101: =G75 -> 9 | H101: =H75 -> 11 | I101: =I75 -> 10 | J101: =J75 -> 17 | ... L101: =L75 -> 20 | M101: =SUM(D101:I101) -> 68 | N101: =(M101/C101)*100 -> 56.198347 | O101: =SUM(D101:K101) -> 101 | P101: =(O101/C101)*100 -> 83.471074
A102: Melayu Islam Beraja | C102: =C89 -> 158 | D102: =D89 -> 16 | E102: =E89 -> 51 | F102: =F89 -> 19 | G102: =G89 -> 19 | H102: =H89 -> 18 | I102: =I89 -> 16 | J102: =J89 -> 11 | ... L102: =L89 -> 8 | M102: =SUM(D102:I102) -> 139 | N102: =(M102/C102)*100 -> 87.974684 | O102: =SUM(D102:K102) -> 150 | P102: =(O102/C102)*100 -> 94.936709
N103: =AVERAGE(N95:N102) -> 64.079282 | P103: =AVERAGE(P95:P102) -> 88.859107

Sheet CHART
A2: Subjects | B2: % 1-6 | C2: % 1-8
A3: Bahasa Melayu | B3: ='YEAR 8'!N95 -> 59.119497 | C3: ='YEAR 8'!P95 -> 95.597484
A4: English Language | B4: ='YEAR 8'!N96 -> 90.740741 | C4: ='YEAR 8'!P96 -> 98.148148
A5: I.R.K | B5: ='YEAR 8'!N97 -> 75.460123 | C5: ='YEAR 8'!P97 -> 90.184049
A6: Social Studies | B6: ='YEAR 8'!N98 -> 68.944099 | C6: ='YEAR 8'!P98 -> 94.409938
A7: Mathematics | B7: ='YEAR 8'!N99 -> 54.320988 | C7: ='YEAR 8'!P99 -> 85.802469
A8: Science | B8: ='YEAR 8'!N100 -> 19.875776 | C8: ='YEAR 8'!P100 -> 68.322981
A9: Bahasa Arab | B9: ='YEAR 8'!N101 -> 56.198347 | C9: ='YEAR 8'!P101 -> 83.471074
A10: Melayu Islam Beraja | B10: ='YEAR 8'!N102 -> 87.974684 | C10: ='YEAR 8'!P102 -> 94.936709

Sheet 3'O' and 5'O' & above
A1: YEAR 7, ASSESSMENT 2 2026
B3: No. of Candidates | C3: No. of Credits Obtained | L3: 5 'O' & above | N3: 3 'O' & above
C4: 8 | D4: 7 | E4: 6 | F4: 5 | G4: 4 | H4: 3 | I4: 2 | J4: 1 | K4: 0 | L4: No. of Candidates | M4: % | N4: No. of Candidates | O4: %
A5: 7H | B5: =SUM(C5:K5) -> 23 | C5: ='[1]MASTER '!$DQ$39 -> 7 | D5: ='[1]MASTER '!$DQ$40 -> 10 | E5: ='[1]MASTER '!$DQ$41 -> 5 | F5: ='[1]MASTER '!$DQ$42 -> 1 | G5: ='[1]MASTER '!$DQ$43 -> 0 | H5: ='[1]MASTER '!$DQ$44 -> 0 | I5: ='[1]MASTER '!$DQ$45 -> 0 | J5: ='[1]MASTER '!$DQ$46 -> 0 | K5: ='[1]MASTER '!$DQ$47 -> 0 | L5: =SUM(C5:F5) -> 23 | M5: =L5/B5 -> 1 | N5: =SUM(C5:H5) -> 23 | O5: =N5/B5 -> 1
A6: 7A | B6: =SUM(C6:K6) -> 21 | C6: ='[2]MASTER '!$DQ$39 -> 0 | D6: ='[2]MASTER '!$DQ$40 -> 7 | E6: ='[2]MASTER '!$DQ$41 -> 6 | F6: ='[2]MASTER '!$DQ$42 -> 4 | G6: ='[2]MASTER '!$DQ$43 -> 3 | H6: ='[3]MASTER '!$DQ$44 -> 1 | I6: ='[2]MASTER '!$DQ$45 -> 0 | J6: ='[2]MASTER '!$DQ$46 -> 0 | K6: ='[2]MASTER '!$DQ$47 -> 0 | L6: =SUM(C6:F6) -> 17 | M6: =L6/B6 -> 0.80952381 | N6: =SUM(C6:H6) -> 21 | O6: =N6/B6 -> 1
A7: 7R | B7: =SUM(C7:K7) -> 28 | C7: ='[3]MASTER '!$DQ$39 -> 2 | D7: ='[3]MASTER '!$DQ$40 -> 6 | E7: ='[3]MASTER '!$DQ$41 -> 6 | F7: ='[3]MASTER '!$DQ$42 -> 4 | G7: ='[3]MASTER '!$DQ$43 -> 8 | H7: ='[4]MASTER '!$DQ$44 -> 2 | I7: ='[3]MASTER '!$DQ$45 -> 0 | J7: ='[3]MASTER '!$DQ$46 -> 0 | K7: ='[3]MASTER '!$DQ$47 -> 0 | L7: =SUM(C7:F7) -> 18 | M7: =L7/B7 -> 0.64285714 | N7: =SUM(C7:H7) -> 28 | O7: =N7/B7 -> 1
A8: 7M | B8: =SUM(C8:K8) -> 26 | C8: ='[4]MASTER '!$DQ$39 -> 0 | D8: ='[4]MASTER '!$DQ$40 -> 3 | E8: ='[4]MASTER '!$DQ$41 -> 9 | F8: ='[4]MASTER '!$DQ$42 -> 8 | G8: ='[4]MASTER '!$DQ$43 -> 2 | H8: ='[5]MASTER '!$DQ$44 -> 2 | I8: ='[4]MASTER '!$DQ$45 -> 1 | J8: ='[4]MASTER '!$DQ$46 -> 1 | K8: ='[4]MASTER '!$DQ$47 -> 0 | L8: =SUM(C8:F8) -> 20 | M8: =L8/B8 -> 0.76923077 | N8: =SUM(C8:H8) -> 24 | O8: =N8/B8 -> 0.92307692
A9: 7O | B9: =SUM(C9:K9) -> 25 | C9: ='[5]MASTER '!$DQ$39 -> 0 | D9: ='[5]MASTER '!$DQ$40 -> 1 | E9: ='[5]MASTER '!$DQ$41 -> 2 | F9: ='[5]MASTER '!$DQ$42 -> 11 | G9: ='[5]MASTER '!$DQ$43 -> 6 | H9: ='[6]MASTER '!$DQ$44 -> 3 | I9: ='[5]MASTER '!$DQ$45 -> 1 | J9: ='[5]MASTER '!$DQ$46 -> 0 | K9: ='[5]MASTER '!$DQ$47 -> 1 | L9: =SUM(C9:F9) -> 14 | M9: =L9/B9 -> 0.56 | N9: =SUM(C9:H9) -> 23 | O9: =N9/B9 -> 0.92
A10: 7N | B10: =SUM(C10:K10) -> 20 | C10: ='[6]MASTER '!$DQ$39 -> 0 | D10: ='[6]MASTER '!$DQ$40 -> 0 | E10: ='[6]MASTER '!$DQ$41 -> 0 | F10: ='[6]MASTER '!$DQ$42 -> 6 | G10: ='[6]MASTER '!$DQ$43 -> 10 | H10: ='[7]MASTER '!$DQ$44 -> 0 | I10: ='[6]MASTER '!$DQ$45 -> 2 | J10: ='[6]MASTER '!$DQ$46 -> 2 | K10: ='[6]MASTER '!$DQ$47 -> 0 | L10: =SUM(C10:F10) -> 6 | M10: =L10/B10 -> 0.3 | N10: =SUM(C10:H10) -> 16 | O10: =N10/B10 -> 0.8
A11: 7Y | B11: =SUM(C11:K11) -> 19 | C11: ='[7]MASTER '!$DQ$39 -> 0 | D11: ='[7]MASTER '!$DQ$40 -> 0 | E11: ='[7]MASTER '!$DQ$41 -> 0 | F11: ='[7]MASTER '!$DQ$42 -> 0 | G11: ='[7]MASTER '!$DQ$43 -> 3 | H11: ='[1]MASTER '!$DQ$44 -> 0 | I11: ='[7]MASTER '!$DQ$45 -> 7 | J11: ='[7]MASTER '!$DQ$46 -> 6 | K11: ='[7]MASTER '!$DQ$47 -> 3 | L11: =SUM(C11:F11) -> 0 | M11: =L11/B11 -> 0 | N11: =SUM(C11:H11) -> 3 | O11: =N11/B11 -> 0.15789474
A12: Total No. of Candidates | B12: =SUM(B5:B11) -> 162 | C12: =SUM(C5:C11) -> 9 | D12: =SUM(D5:D11) -> 27 | E12: =SUM(E5:E11) -> 28 | F12: =SUM(F5:F11) -> 34 | G12: =SUM(G5:G11) -> 32 | H12: =SUM(H5:H11) -> 8 | I12: =SUM(I5:I11) -> 11 | ... L12: =SUM(L5:L11) -> 98 | M12: =L12/B12 -> 0.60493827 | N12: =SUM(N5:N11) -> 138 | O12: =N12/B12 -> 0.85185185
A15: % obtained 5'O' & above | B15: =$M$12 -> 0.60493827
A16: % obtained 3'O' & above | B16: =$O$12 -> 0.85185185

Sheet No.of Credits Attained
A1: YEAR 7, ASSESSMENT 2 2026
A3: No. Of Candidate Registered | E3: 200
A4: No. Of Candidate Sitting | E4: 163
A5: Withdrawn | E5: 0
A7: Credit Attained | B7: No. Of Student | D7: %
A8: 8 | B8: ='3''O'' and 5''O'' & above'!$C$12 -> 9 | D8: =B8/B17 -> 0.055555556
A9: 7 | B9: ='3''O'' and 5''O'' & above'!$D$12 -> 27 | D9: =B9/B17 -> 0.16666667
A10: 6 | B10: ='3''O'' and 5''O'' & above'!$E$12 -> 28 | D10: =B10/B17 -> 0.17283951
A11: 5 | B11: ='3''O'' and 5''O'' & above'!$F$12 -> 34 | D11: =B11/B17 -> 0.20987654
A12: 4 | B12: ='3''O'' and 5''O'' & above'!$G$12 -> 32 | D12: =B12/B17 -> 0.19753086
A13: 3 | B13: ='3''O'' and 5''O'' & above'!$H$12 -> 8 | D13: =B13/B17 -> 0.049382716
A14: 2 | B14: ='3''O'' and 5''O'' & above'!$I$12 -> 11 | D14: =B14/B17 -> 0.067901235
A15: 1 | B15: ='3''O'' and 5''O'' & above'!$J$12 -> 9 | D15: =B15/B17 -> 0.055555556
A16: 0 | B16: ='3''O'' and 5''O'' & above'!$K$12 -> 4 | D16: =B16/B17 -> 0.024691358
A17: Total | B17: =SUM(B8:C16) -> 162
C20: No. of Student | D20: %
A21: 3 or more Credits | C21: =SUM(B8:C13) -> 138 | D21: =C21/B17 -> 0.85185185
A22: 4 or more Credits | C22: =SUM(B8:C12) -> 130 | D22: =C22/B17 -> 0.80246914
A23: 5 or more Credits | C23: =SUM(B8:C11) -> 98 | D23: =C23/B17 -> 0.60493827

Sheet class avg
A2: Class + No of stdn | B2: Class Avg
A3: 10Sci1
A4: 11Sci2
A5: 11Sci3
A6: 11P
A7: 11E
A8: 11A
A9: 11R
A10: 11L

Sheet By Class
A2: Menengah 4A
D3: Distinction | F3: Credit | J3: Pass | L3: Fail
A4: Subjects | B4: Taught By | C4: Total | D4: 1 | E4: 2 | F4: 3 | G4: 4 | H4: 5 | I4: 6 | J4: 7 | K4: 8 | L4: 9 | M4: Total 1-6 | N4: % 1-6 | O4: Total 1-8 | P4: % 1-8
A5: B.Melayu | N5: =((M5/C5)*100) -> #DIV/0! | O5: =SUM(D5:K5) -> 0 | P5: =((O5/C5)*100) -> #DIV/0!
A6: English | N6: =((M6/C6)*100) -> #DIV/0! | O6: =SUM(D6:K6) -> 0 | P6: =((O6/C6)*100) -> #DIV/0!
A7: Maths | N7: =((M7/C7)*100) -> #DIV/0! | O7: =SUM(D7:K7) -> 0 | P7: =((O7/C7)*100) -> #DIV/0!
A8: Add Maths | N8: =((M8/C8)*100) -> #DIV/0! | O8: =SUM(D8:K8) -> 0 | P8: =((O8/C8)*100) -> #DIV/0!
A9: Physics | N9: =((M9/C9)*100) -> #DIV/0! | O9: =SUM(D9:K9) -> 0 | P9: =((O9/C9)*100) -> #DIV/0!
A10: Chemistry | N10: =((M10/C10)*100) -> #DIV/0! | O10: =SUM(D10:K10) -> 0 | P10: =((O10/C10)*100) -> #DIV/0!
A11: Biology | N11: =((M11/C11)*100) -> #DIV/0! | O11: =SUM(D11:K11) -> 0 | P11: =((O11/C11)*100) -> #DIV/0!
A12: Geography | N12: =((M12/C12)*100) -> #DIV/0! | O12: =SUM(D12:K12) -> 0 | P12: =((O12/C12)*100) -> #DIV/0!
A13: Computer | N13: =((M13/C13)*100) -> #DIV/0! | O13: =SUM(D13:K13) -> 0 | P13: =((O13/C13)*100) -> #DIV/0!
N14: =AVERAGE(N5:N13) -> #DIV/0! | P14: =AVERAGE(P5:P13) -> #DIV/0!
A16: Menengah 4B
D17: Distinction | F17: Credit | J17: Pass | L17: Fail
A18: Subjects | B18: Taught By | C18: Total | D18: 1 | E18: 2 | F18: 3 | G18: 4 | H18: 5 | I18: 6 | J18: 7 | K18: 8 | L18: 9 | M18: Total 1-6 | N18: % 1-6 | O18: Total 1-8 | P18: % 1-8
A19: B.Melayu | N19: =((M19/C19)*100) -> #DIV/0! | O19: =SUM(D19:K19) -> 0 | P19: =((O19/C19)*100) -> #DIV/0!
A20: English | N20: =((M20/C20)*100) -> #DIV/0! | O20: =SUM(D20:K20) -> 0 | P20: =((O20/C20)*100) -> #DIV/0!
A21: Maths | N21: =((M21/C21)*100) -> #DIV/0! | O21: =SUM(D21:K21) -> 0 | P21: =((O21/C21)*100) -> #DIV/0!
A22: Physics | N22: =((M22/C22)*100) -> #DIV/0! | O22: 10 | P22: =((O22/C22)*100) -> #DIV/0!
A23: Chemistry | N23: =((M23/C23)*100) -> #DIV/0! | O23: 10 | P23: =((O23/C23)*100) -> #DIV/0!
A24: Biology | N24: =((M24/C24)*100) -> #DIV/0! | O24: 19 | P24: =((O24/C24)*100) -> #DIV/0!
A25: Geography | N25: =((M25/C25)*100) -> #DIV/0! | O25: 19 | P25: =((O25/C25)*100) -> #DIV/0!
A26: Economics | N26: =((M26/C26)*100) -> #DIV/0! | O26: 3 | P26: =((O26/C26)*100) -> #DIV/0!
A27: Computer | N27: =((M27/C27)*100) -> #DIV/0! | O27: 2 | P27: =((O27/C27)*100) -> #DIV/0!
A28: POA | N28: =((M28/C28)*100) -> #DIV/0! | O28: 12 | P28: =((O28/C28)*100) -> #DIV/0!
N29: =AVERAGE(N19:N28) -> #DIV/0! | P29: =AVERAGE(P19:P28) -> #DIV/0!
A31: Menengah 4C
D32: Distinction | F32: Credit | J32: Pass | L32: Fail
A33: Subjects | B33: Taught By | C33: Total | D33: 1 | E33: 2 | F33: 3 | G33: 4 | H33: 5 | I33: 6 | J33: 7 | K33: 8 | L33: 9 | M33: Total 1-6 | N33: % 1-6 | O33: Total 1-8 | P33: % 1-8
A34: B.Melayu | N34: =((M34/C34)*100) -> #DIV/0! | O34: 18 | P34: =((O34/C34)*100) -> #DIV/0!
A35: English | N35: =((M35/C35)*100) -> #DIV/0! | O35: 15 | P35: =((O35/C35)*100) -> #DIV/0!
A36: Maths | N36: =((M36/C36)*100) -> #DIV/0! | O36: 9 | P36: =((O36/C36)*100) -> #DIV/0!
A37: Comb Sc | N37: =((M37/C37)*100) -> #DIV/0! | O37: 6 | P37: =((O37/C37)*100) -> #DIV/0!
A38: Geography | N38: =((M38/C38)*100) -> #DIV/0! | O38: 7 | P38: =((O38/C38)*100) -> #DIV/0!
A39: History | N39: =((M39/C39)*100) -> #DIV/0! | O39: 14 | P39: =((O39/C39)*100) -> #DIV/0!
A40: IRK | N40: =((M40/C40)*100) -> #DIV/0! | O40: 16 | P40: =((O40/C40)*100) -> #DIV/0!
A41: Commerce | N41: =((M41/C41)*100) -> #DIV/0! | O41: 14 | P41: =((O41/C41)*100) -> #DIV/0!
A42: Agr Sc | N42: =((M42/C42)*100) -> #DIV/0! | O42: 2 | P42: =((O42/C42)*100) -> #DIV/0!
N43: =AVERAGE(N34:N42) -> #DIV/0! | P43: =AVERAGE(P34:P42) -> #DIV/0!
A45: Menengah 4D
D46: Distinction | F46: Credit | J46: Pass | L46: Fail
A47: Subjects | B47: Taught By | C47: Total | D47: 1 | E47: 2 | F47: 3 | G47: 4 | H47: 5 | I47: 6 | J47: 7 | K47: 8 | L47: 9 | M47: Total 1-6 | N47: % 1-6 | O47: Total 1-8 | P47: % 1-8
A48: B.Melayu | N48: =((M48/C48)*100) -> #DIV/0! | O48: 24 | P48: =((O48/C48)*100) -> #DIV/0!
A49: English | N49: =((M49/C49)*100) -> #DIV/0! | O49: 20 | P49: =((O49/C49)*100) -> #DIV/0!
A50: Maths | N50: =((M50/C50)*100) -> #DIV/0! | O50: 5 | P50: =((O50/C50)*100) -> #DIV/0!
A51: Comb Sc | N51: =((M51/C51)*100) -> #DIV/0! | O51: 10 | P51: =((O51/C51)*100) -> #DIV/0!
A52: Geography | N52: =((M52/C52)*100) -> #DIV/0! | O52: 12 | P52: =((O52/C52)*100) -> #DIV/0!
A53: History | N53: =((M53/C53)*100) -> #DIV/0! | O53: 13 | P53: =((O53/C53)*100) -> #DIV/0!
A54: IRK | N54: =((M54/C54)*100) -> #DIV/0! | O54: 22 | P54: =((O54/C54)*100) -> #DIV/0!
A55: Art | N55: =((M55/C55)*100) -> #DIV/0! | O55: 10 | P55: =((O55/C55)*100) -> #DIV/0!
A56: POA | N56: =((M56/C56)*100) -> #DIV/0! | O56: 8 | P56: =((O56/C56)*100) -> #DIV/0!
N57: =AVERAGE(N48:N56) -> #DIV/0! | P57: =AVERAGE(P48:P56) -> #DIV/0!
A59: Menengah 4E
D60: Distinction | F60: Credit | J60: Pass | L60: Fail
A61: Subjects | B61: Taught By | C61: Total | D61: 1 | E61: 2 | F61: 3 | G61: 4 | H61: 5 | I61: 6 | J61: 7 | K61: 8 | L61: 9 | M61: Total 1-6 | N61: % 1-6 | O61: Total 1-8 | P61: % 1-8
A62: B.Melayu | N62: =((M62/C62)*100) -> #DIV/0! | O62: 18 | P62: =((O62/C62)*100) -> #DIV/0!
A63: English | N63: =((M63/C63)*100) -> #DIV/0! | O63: 7 | P63: =((O63/C63)*100) -> #DIV/0!
A64: Maths | N64: =((M64/C64)*100) -> #DIV/0! | O64: 2 | P64: =((O64/C64)*100) -> #DIV/0!
A65: Comb Sc | N65: =((M65/C65)*100) -> #DIV/0! | O65: 1 | P65: =((O65/C65)*100) -> #DIV/0!
A66: Geography | N66: =((M66/C66)*100) -> #DIV/0! | O66: 9 | P66: =((O66/C66)*100) -> #DIV/0!
A67: IRK | N67: =((M67/C67)*100) -> #DIV/0! | O67: 15 | P67: =((O67/C67)*100) -> #DIV/0!
A68: Commerce | N68: =((M68/C68)*100) -> #DIV/0! | O68: 17 | P68: =((O68/C68)*100) -> #DIV/0!
A69: Sastera | N69: =((M69/C69)*100) -> #DIV/0! | O69: 17 | P69: =((O69/C69)*100) -> #DIV/0!
N70: =AVERAGE(N62:N69) -> #DIV/0! | P70: =AVERAGE(P62:P69) -> #DIV/0!
A72: Menengah 4F
D73: Distinction | F73: Credit | J73: Pass | L73: Fail
A74: Subjects | B74: Taught By | C74: Total | D74: 1 | E74: 2 | F74: 3 | G74: 4 | H74: 5 | I74: 6 | J74: 7 | K74: 8 | L74: 9 | M74: Total 1-6 | N74: % 1-6 | O74: Total 1-8 | P74: % 1-8
A75: B.Melayu | N75: =((M75/C75)*100) -> #DIV/0! | O75: 25 | P75: =((O75/C75)*100) -> #DIV/0!
A76: English | N76: =((M76/C76)*100) -> #DIV/0! | O76: 7 | P76: =((O76/C76)*100) -> #DIV/0!
A77: Maths | N77: =((M77/C77)*100) -> #DIV/0! | O77: 2 | P77: =((O77/C77)*100) -> #DIV/0!
A78: Comb Sc | N78: =((M78/C78)*100) -> #DIV/0! | O78: 9 | P78: =((O78/C78)*100) -> #DIV/0!
A79: Geography | N79: =((M79/C79)*100) -> #DIV/0! | O79: 3 | P79: =((O79/C79)*100) -> #DIV/0!
A80: IRK | N80: =((M80/C80)*100) -> #DIV/0! | O80: 24 | P80: =((O80/C80)*100) -> #DIV/0!
A81: POA | N81: =((M81/C81)*100) -> #DIV/0! | O81: 2 | P81: =((O81/C81)*100) -> #DIV/0!
A82: Sastera | N82: =((M82/C82)*100) -> #DIV/0! | O82: 24 | P82: =((O82/C82)*100) -> #DIV/0!
N83: =AVERAGE(N75:N82) -> #DIV/0! | P83: =AVERAGE(P75:P82) -> #DIV/0!
A86: Menengah 4G
D87: Distinction | F87: Credit | J87: Pass | L87: Fail
A88: Subjects | B88: Taught By | C88: Total | D88: 1 | E88: 2 | F88: 3 | G88: 4 | H88: 5 | I88: 6 | J88: 7 | K88: 8 | L88: 9 | M88: Total 1-6 | N88: % 1-6 | O88: Total 1-8 | P88: % 1-8
A89: B.Melayu | N89: =((M89/C89)*100) -> #DIV/0! | O89: 15 | P89: =((O89/C89)*100) -> #DIV/0!
A90: English | N90: =((M90/C90)*100) -> #DIV/0! | O90: 1 | P90: =((O90/C90)*100) -> #DIV/0!
A91: Maths | N91: =((M91/C91)*100) -> #DIV/0! | O91: 1 | P91: =((O91/C91)*100) -> #DIV/0!
A92: Comb Sc | N92: =((M92/C92)*100) -> #DIV/0! | O92: 0 | P92: =((O92/C92)*100) -> #DIV/0!
A93: Art | N93: =((M93/C93)*100) -> #DIV/0! | O93: 15 | P93: =((O93/C93)*100) -> #DIV/0!
A94: IRK | N94: =((M94/C94)*100) -> #DIV/0! | O94: 12 | P94: =((O94/C94)*100) -> #DIV/0!
A95: Sastera | N95: =((M95/C95)*100) -> #DIV/0! | O95: 13 | P95: =((O95/C95)*100) -> #DIV/0!
N96: =AVERAGE(N89:N95) -> #DIV/0! | P96: =AVERAGE(P89:P95) -> #DIV/0!
A99: Menengah 4H
D100: Distinction | F100: Credit | J100: Pass | L100: Fail
A101: Subjects | B101: Taught By | C101: Total | D101: 1 | E101: 2 | F101: 3 | G101: 4 | H101: 5 | I101: 6 | J101: 7 | K101: 8 | L101: 9 | M101: Total 1-6 | N101: % 1-6 | O101: Total 1-8 | P101: % 1-8
A102: B.Melayu | N102: =((M102/C102)*100) -> #DIV/0! | O102: 16 | P102: =((O102/C102)*100) -> #DIV/0!
A103: English | N103: =((M103/C103)*100) -> #DIV/0! | O103: 6 | P103: =((O103/C103)*100) -> #DIV/0!
A104: Maths | N104: =((M104/C104)*100) -> #DIV/0! | O104: 0 | P104: =((O104/C104)*100) -> #DIV/0!
A105: Comb Sc | N105: =((M105/C105)*100) -> #DIV/0! | O105: 0 | P105: =((O105/C105)*100) -> #DIV/0!
A106: Art | N106: =((M106/C106)*100) -> #DIV/0! | O106: 16 | P106: =((O106/C106)*100) -> #DIV/0!
A107: IRK | N107: =((M107/C107)*100) -> #DIV/0! | O107: 11 | P107: =((O107/C107)*100) -> #DIV/0!
A108: Sastera | N108: =((M108/C108)*100) -> #DIV/0! | O108: 12 | P108: =((O108/C108)*100) -> #DIV/0!
N109: =AVERAGE(N102:N108) -> #DIV/0! | P109: =AVERAGE(P102:P108) -> #DIV/0!
D115: Distinction | F115: Credit | J115: Pass | L115: Fail
...
