Workbook

Sheet YEAR 8 SPA
A1: BAHASA MELAYU
D2: Distinction | F2: Credit | J2: Pass | L2: Fail
A3: Class | B3: Taught By | C3: Total | D3: A* | E3: A2 | F3: B3 | G3: B4 | H3: C5 | I3: C6 | J3: D7 | K3: E8 | L3: U | M3: Total 1-6 | N3: % 1-6 | O3: Total 1-8 | P3: % 1-8
A4: 8C | B4: Cg Siti izyan | C4: =SUM(D4:L4) -> 20 | D4: {=TRANSPOSE([1]MASTER!$Q$34:$Q$42)} -> 0 | E4: 2 | F4: 12 | G4: 4 | H4: 2 | I4: 0 | J4: 0 | K4: 0 | L4: 0 | M4: =SUM(D4:I4) -> 20 | N4: =((M4/C4)*100) -> 100 | O4: =SUM(D4:K4) -> 20 | P4: =((O4/C4)*100) -> 100
A5: 8H | B5: Cg Ermawati | C5: =SUM(D5:L5) -> 20 | D5: {=TRANSPOSE([2]MASTER!$Q$34:$Q$42)} -> 0 | E5: 0 | F5: 4 | G5: 8 | H5: 7 | I5: 1 | J5: 0 | K5: 0 | L5: 0 | M5: =SUM(D5:I5) -> 20 | N5: =((M5/C5)*100) -> 100 | O5: =SUM(D5:K5) -> 20 | P5: =((O5/C5)*100) -> 100
A6: 8A | B6: Cg Noni Ratina | C6: =SUM(D6:L6) -> 35 | D6: {=TRANSPOSE([3]MASTER!$Q$49:$Q$57)} -> 0 | E6: 0 | F6: 4 | G6: 8 | H6: 7 | I6: 2 | J6: 2 | K6: 0 | L6: 12 | M6: =SUM(D6:I6) -> 21 | N6: =((M6/C6)*100) -> 60 | O6: =SUM(D6:K6) -> 23 | P6: =((O6/C6)*100) -> 65.714286
A7: 8M | B7: Cg Noni Ratina | C7: =SUM(D7:L7) -> 24 | D7: {=TRANSPOSE([4]MASTER!$Q$56:$Q$64)} -> 0 | E7: 1 | F7: 3 | G7: 8 | H7: 4 | I7: 7 | J7: 1 | K7: 0 | L7: 0 | M7: =SUM(D7:I7) -> 23 | N7: =((M7/C7)*100) -> 95.833333 | O7: =SUM(D7:K7) -> 24 | P7: =((O7/C7)*100) -> 100
A8: 8P | B8: Cg Ermawati | C8: =SUM(D8:L8) -> 25 | D8: {=TRANSPOSE([5]MASTER!$Q$44:$Q$52)} -> 0 | E8: 0 | F8: 2 | G8: 4 | H8: 8 | I8: 5 | J8: 5 | K8: 0 | L8: 1 | M8: =SUM(D8:I8) -> 19 | N8: =((M8/C8)*100) -> 76 | O8: =SUM(D8:K8) -> 24 | P8: =((O8/C8)*100) -> 96
A9: 8I | B9: Cg Siti izyan | C9: =SUM(D9:L9) -> 24 | D9: {=TRANSPOSE([6]MASTER!$Q$56:$Q$64)} -> 0 | E9: 0 | F9: 0 | G9: 3 | H9: 5 | I9: 8 | J9: 5 | K9: 3 | L9: 0 | M9: =SUM(D9:I9) -> 16 | N9: =((M9/C9)*100) -> 66.666667 | O9: =SUM(D9:K9) -> 24 | P9: =((O9/C9)*100) -> 100
A10: 8O | B10: Cg Siti Izyan | C10: =SUM(D10:L10) -> 15 | D10: {=TRANSPOSE([7]MASTER!$Q$29:$Q$37)} -> 0 | E10: 0 | F10: 0 | G10: 0 | H10: 2 | I10: 3 | J10: 7 | K10: 1 | L10: 2 | M10: =SUM(D10:I10) -> 5 | N10: =((M10/C10)*100) -> 33.333333 | O10: =SUM(D10:K10) -> 13 | P10: =((O10/C10)*100) -> 86.666667
A11: 8N | B11: Cg Ermawati | C11: =SUM(D11:L11) -> 12 | D11: {=TRANSPOSE([8]MASTER!$Q$26:$Q$34)} -> 0 | E11: 0 | F11: 0 | G11: 0 | H11: 0 | I11: 0 | J11: 6 | K11: 4 | L11: 2 | M11: =SUM(D11:I11) -> 0 | N11: =((M11/C11)*100) -> 0 | O11: =SUM(D11:K11) -> 10 | P11: =((O11/C11)*100) -> 83.333333
B12: Overall | C12: =SUM(C4:C10) -> 163 | D12: =SUM(D4:D10) -> 0 | E12: =SUM(E4:E10) -> 3 | F12: =SUM(F4:F10) -> 25 | G12: =SUM(G4:G10) -> 35 | H12: =SUM(H4:H10) -> 35 | I12: =SUM(I4:I10) -> 26 | J12: =SUM(J4:J10) -> 20 | ... L12: =SUM(L4:L10) -> 15 | M12: =SUM(D12:I12) -> 124 | N12: =((M12/C12)*100) -> 76.07362 | O12: =SUM(D12:K12) -> 148 | P12: =((O12/C12)*100) -> 90.797546
A14: ENGLISH LANGUAGE
D15: Distinction | F15: Credit | J15: Pass | L15: Fail
A16: Class | B16: Taught By | C16: Total | D16: A* | E16: A2 | F16: B3 | G16: B4 | H16: C5 | I16: C6 | J16: D7 | K16: E8 | L16: U | M16: Total 1-6 | N16: % 1-6 | O16: Total 1-8 | P16: % 1-8
A17: 8C | B17: Derek | C17: =SUM(D17:L17) -> 20 | D17: {=TRANSPOSE([1]MASTER!$Z$34:$Z$42)} -> 3 | E17: 11 | F17: 6 | G17: 0 | H17: 0 | I17: 0 | J17: 0 | K17: 0 | L17: 0 | M17: =SUM(D17:I17) -> 20 | N17: =((M17/C17)*100) -> 100 | O17: =SUM(D17:K17) -> 20 | P17: =((O17/C17)*100) -> 100
A18: 8H | B18: Cg Pieter | C18: =SUM(D18:L18) -> 20 | D18: {=TRANSPOSE([2]MASTER!$Z$34:$Z$42)} -> 1 | E18: 10 | F18: 1 | G18: 5 | H18: 3 | I18: 0 | J18: 0 | K18: 0 | L18: 0 | M18: =SUM(D18:I18) -> 20 | N18: =((M18/C18)*100) -> 100 | O18: =SUM(D18:K18) -> 20 | P18: =((O18/C18)*100) -> 100
A19: 8A | B19: Derek | C19: =SUM(D19:L19) -> 23 | D19: {=TRANSPOSE([3]MASTER!$Z$49:$Z$57)} -> 0 | E19: 3 | F19: 14 | G19: 6 | H19: 0 | I19: 0 | J19: 0 | K19: 0 | L19: 0 | M19: =SUM(D19:I19) -> 23 | N19: =((M19/C19)*100) -> 100 | O19: =SUM(D19:K19) -> 23 | P19: =((O19/C19)*100) -> 100
A20: 8M | B20: Cg Pieter | C20: =SUM(D20:L20) -> 24 | D20: {=TRANSPOSE([4]MASTER!$Z$56:$Z$64)} -> 0 | E20: 6 | F20: 3 | G20: 8 | H20: 5 | I20: 1 | J20: 1 | K20: 0 | L20: 0 | M20: =SUM(D20:I20) -> 23 | N20: =((M20/C20)*100) -> 95.833333 | O20: =SUM(D20:K20) -> 24 | P20: =((O20/C20)*100) -> 100
A21: 8P | B21: Derek | C21: =SUM(D21:L21) -> 25 | D21: {=TRANSPOSE([5]MASTER!$Z$44:$Z$52)} -> 0 | E21: 4 | F21: 6 | G21: 5 | H21: 6 | I21: 1 | J21: 3 | K21: 0 | L21: 0 | M21: =SUM(D21:I21) -> 22 | N21: =((M21/C21)*100) -> 88 | O21: =SUM(D21:K21) -> 25 | P21: =((O21/C21)*100) -> 100
A22: 8I | B22: Aimi | C22: =SUM(D22:L22) -> 24 | D22: {=TRANSPOSE([6]MASTER!$Z$56:$Z$64)} -> 0 | E22: 0 | F22: 2 | G22: 6 | H22: 6 | I22: 2 | J22: 8 | K22: 0 | L22: 0 | M22: =SUM(D22:I22) -> 16 | N22: =((M22/C22)*100) -> 66.666667 | O22: =SUM(D22:K22) -> 24 | P22: =((O22/C22)*100) -> 100
A23: 8O | B23: Dk Hjh Sri Hani | C23: =SUM(D23:L23) -> 15 | D23: {=TRANSPOSE([7]MASTER!$Z$29:$Z$37)} -> 0 | E23: 0 | F23: 0 | G23: 1 | H23: 1 | I23: 3 | J23: 7 | K23: 2 | L23: 1 | M23: =SUM(D23:I23) -> 5 | N23: =((M23/C23)*100) -> 33.333333 | O23: =SUM(D23:K23) -> 14 | P23: =((O23/C23)*100) -> 93.333333
A24: 8N | B24: Aimi | C24: =SUM(D24:L24) -> 12 | D24: {=TRANSPOSE([8]MASTER!$Z$26:$Z$34)} -> 0 | E24: 0 | F24: 0 | G24: 0 | H24: 1 | I24: 1 | J24: 1 | K24: 5 | L24: 4 | M24: =SUM(D24:I24) -> 2 | N24: =((M24/C24)*100) -> 16.666667 | O24: =SUM(D24:K24) -> 8 | P24: =((O24/C24)*100) -> 66.666667
B25: Overall | C25: =SUM(C17:C23) -> 151 | D25: =SUM(D17:D23) -> 4 | E25: =SUM(E17:E23) -> 34 | F25: =SUM(F17:F23) -> 32 | G25: =SUM(G17:G23) -> 31 | H25: =SUM(H17:H23) -> 21 | I25: =SUM(I17:I23) -> 7 | J25: =SUM(J17:J23) -> 19 | ... L25: =SUM(L17:L23) -> 1 | M25: =SUM(D25:I25) -> 129 | N25: =((M25/C25)*100) -> 85.430464 | O25: =SUM(D25:K25) -> 150 | P25: =((O25/C25)*100) -> 99.337748
A27: ISLAMIC RELIGIOUS KNOWLEDGE
D28: Distinction | F28: Credit | J28: Pass | L28: Fail
A29: Class | B29: Taught By | C29: Total | D29: A* | E29: A2 | F29: B3 | G29: B4 | H29: C5 | I29: C6 | J29: D7 | K29: E8 | L29: U | M29: Total 1-6 | N29: % 1-6 | O29: Total 1-8 | P29: % 1-8
A30: 8C | B30: HJ AZMI | C30: =SUM(D30:L30) -> 20 | D30: {=TRANSPOSE([1]MASTER!$BA$34:$BA$42)} -> 2 | E30: 6 | F30: 10 | G30: 1 | H30: 1 | I30: 0 | J30: 0 | K30: 0 | L30: 0 | M30: =SUM(D30:I30) -> 20 | N30: =((M30/C30)*100) -> 100 | O30: =SUM(D30:K30) -> 20 | P30: =((O30/C30)*100) -> 100
A31: 8H | B31: HJ AZMI | C31: =SUM(D31:L31) -> 20 | D31: {=TRANSPOSE([2]MASTER!$BA$34:$BA$42)} -> 2 | E31: 10 | F31: 1 | G31: 2 | H31: 1 | I31: 2 | J31: 1 | K31: 1 | L31: 0 | M31: =SUM(D31:I31) -> 18 | N31: =((M31/C31)*100) -> 90 | O31: =SUM(D31:K31) -> 20 | P31: =((O31/C31)*100) -> 100
A32: 8A | B32: HJH FAUZIAHWATI | C32: =SUM(D32:L32) -> 35 | D32: {=TRANSPOSE([3]MASTER!$BA$49:$BA$57)} -> 0 | E32: 9 | F32: 3 | G32: 7 | H32: 1 | I32: 2 | J32: 1 | K32: 0 | L32: 12 | M32: =SUM(D32:I32) -> 22 | N32: =((M32/C32)*100) -> 62.857143 | O32: =SUM(D32:K32) -> 23 | P32: =((O32/C32)*100) -> 65.714286
A33: 8M | B33: HJH FAUZIAHWATI | C33: =SUM(D33:L33) -> 24 | D33: {=TRANSPOSE([4]MASTER!$BA$56:$BA$64)} -> 1 | E33: 3 | F33: 2 | G33: 5 | H33: 3 | I33: 2 | J33: 5 | K33: 2 | L33: 1 | M33: =SUM(D33:I33) -> 16 | N33: =((M33/C33)*100) -> 66.666667 | O33: =SUM(D33:K33) -> 23 | P33: =((O33/C33)*100) -> 95.833333
A34: 8P | B34: HJ AZMI | C34: =SUM(D34:L34) -> 25 | D34: {=TRANSPOSE([5]MASTER!$BA$44:$BA$52)} -> 2 | E34: 2 | F34: 2 | G34: 4 | H34: 2 | I34: 1 | J34: 7 | K34: 1 | L34: 4 | M34: =SUM(D34:I34) -> 13 | N34: =((M34/C34)*100) -> 52 | O34: =SUM(D34:K34) -> 21 | P34: =((O34/C34)*100) -> 84
A35: 8I | B35: HJH FAUZIAHWATI | C35: =SUM(D35:L35) -> 24 | D35: {=TRANSPOSE([6]MASTER!$BA$56:$BA$64)} -> 0 | E35: 1 | F35: 2 | G35: 3 | H35: 0 | I35: 5 | J35: 7 | K35: 2 | L35: 4 | M35: =SUM(D35:I35) -> 11 | N35: =((M35/C35)*100) -> 45.833333 | O35: =SUM(D35:K35) -> 20 | P35: =((O35/C35)*100) -> 83.333333
A36: 8O | B36: HJ AZMI | C36: =SUM(D36:L36) -> 15 | D36: {=TRANSPOSE([7]MASTER!$BA$29:$BA$37)} -> 0 | E36: 0 | F36: 0 | G36: 0 | H36: 2 | I36: 0 | J36: 2 | K36: 5 | L36: 6 | M36: 9 | N36: =((M36/C36)*100) -> 60 | O36: =SUM(D36:K36) -> 9 | P36: =((O36/C36)*100) -> 60
A37: 8N | B37: HJH FAUZIAHWATI | C37: =SUM(D37:L37) -> 12 | D37: {=TRANSPOSE([8]MASTER!$BA$26:$BA$34)} -> 0 | E37: 0 | F37: 0 | G37: 0 | H37: 0 | I37: 0 | J37: 2 | K37: 1 | L37: 9 | M37: 9 | N37: =((M37/C37)*100) -> 75 | O37: =SUM(D37:K37) -> 3 | P37: =((O37/C37)*100) -> 25
B38: Overall | C38: =SUM(C30:C36) -> 163 | D38: =SUM(D30:D36) -> 7 | E38: =SUM(E30:E36) -> 31 | F38: =SUM(F30:F36) -> 20 | G38: =SUM(G30:G36) -> 22 | H38: =SUM(H30:H36) -> 10 | I38: =SUM(I30:I36) -> 12 | J38: =SUM(J30:J36) -> 23 | ... L38: =SUM(L30:L36) -> 27 | M38: =SUM(D38:I38) -> 102 | N38: =((M38/C38)*100) -> 62.576687 | O38: =SUM(D38:K38) -> 136 | P38: =((O38/C38)*100) -> 83.435583
A40: SOCIAL STUDIES
D41: Distinction | F41: Credit | J41: Pass | L41: Fail
A42: Class | B42: Taught By | C42: Total | D42: A* | E42: A2 | F42: B3 | G42: B4 | H42: C5 | I42: C6 | J42: D7 | K42: E8 | L42: U | M42: Total 1-6 | N42: % 1-6 | O42: Total 1-8 | P42: % 1-8
A43: 8C | B43: DK MARIEAH | C43: =SUM(D43:L43) -> 20 | D43: {=TRANSPOSE([1]MASTER!$BS$34:$BS$42)} -> 0 | E43: 5 | F43: 6 | G43: 7 | H43: 1 | I43: 1 | J43: 0 | K43: 0 | L43: 0 | M43: =SUM(D43:I43) -> 20 | N43: =((M43/C43)*100) -> 100 | O43: =SUM(D43:K43) -> 20 | P43: =((O43/C43)*100) -> 100
A44: 8H | B44: SUNARDI | C44: =SUM(D44:L44) -> 20 | D44: {=TRANSPOSE([2]MASTER!$BS$34:$BS$42)} -> 2 | E44: 8 | F44: 2 | G44: 4 | H44: 3 | I44: 0 | J44: 1 | K44: 0 | L44: 0 | M44: =SUM(D44:I44) -> 19 | N44: =((M44/C44)*100) -> 95 | O44: =SUM(D44:K44) -> 20 | P44: =((O44/C44)*100) -> 100
A45: 8A | B45: PG HJH MARLINAWATI | C45: =SUM(D45:L45) -> 35 | D45: {=TRANSPOSE([3]MASTER!$BS$49:$BS$57)} -> 1 | E45: 14 | F45: 4 | G45: 4 | H45: 0 | I45: 0 | J45: 0 | K45: 0 | L45: 12 | M45: =SUM(D45:I45) -> 23 | N45: =((M45/C45)*100) -> 65.714286 | O45: =SUM(D45:K45) -> 23 | P45: =((O45/C45)*100) -> 65.714286
A46: 8M | B46: DK MARIEAH | C46: =SUM(D46:L46) -> 24 | D46: {=TRANSPOSE([4]MASTER!$BS$56:$BS$64)} -> 0 | E46: 0 | F46: 0 | G46: 3 | H46: 4 | I46: 4 | J46: 9 | K46: 4 | L46: 0 | M46: =SUM(D46:I46) -> 11 | N46: =((M46/C46)*100) -> 45.833333 | O46: =SUM(D46:K46) -> 24 | P46: =((O46/C46)*100) -> 100
A47: 8P | B47: PG HJH MARLINAWATI | C47: =SUM(D47:L47) -> 25 | D47: {=TRANSPOSE([5]MASTER!$BS$44:$BS$52)} -> 0 | E47: 2 | F47: 3 | G47: 3 | H47: 1 | I47: 3 | J47: 8 | K47: 4 | L47: 1 | M47: =SUM(D47:I47) -> 12 | N47: =((M47/C47)*100) -> 48 | O47: =SUM(D47:K47) -> 24 | P47: =((O47/C47)*100) -> 96
A48: 8I | B48: PG HJH MARLINAWATI | C48: =SUM(D48:L48) -> 24 | D48: {=TRANSPOSE([6]MASTER!$BS$56:$BS$64)} -> 0 | E48: 6 | F48: 4 | G48: 4 | H48: 7 | I48: 2 | J48: 1 | K48: 0 | L48: 0 | M48: =SUM(D48:I48) -> 23 | N48: =((M48/C48)*100) -> 95.833333 | O48: =SUM(D48:K48) -> 24 | P48: =((O48/C48)*100) -> 100
A49: 8O | B49: AZYMAN | C49: =SUM(D49:L49) -> 15 | D49: {=TRANSPOSE([7]MASTER!$BS$29:$BS$37)} -> 0 | E49: 0 | F49: 1 | G49: 0 | H49: 0 | I49: 5 | J49: 7 | K49: 1 | L49: 1 | M49: =SUM(D49:I49) -> 6 | N49: =((M49/C49)*100) -> 40 | O49: =SUM(D49:K49) -> 14 | P49: =((O49/C49)*100) -> 93.333333
A50: 8N | B50: SUNARDI | C50: =SUM(D50:L50) -> 12 | D50: {=TRANSPOSE([8]MASTER!$BS$26:$BS$34)} -> 0 | E50: 0 | F50: 0 | G50: 0 | H50: 0 | I50: 0 | J50: 0 | K50: 4 | L50: 8 | M50: =SUM(D50:I50) -> 0 | N50: =((M50/C50)*100) -> 0 | O50: =SUM(D50:K50) -> 4 | P50: =((O50/C50)*100) -> 33.333333
B51: Overall | C51: =SUM(C43:C49) -> 163 | D51: =SUM(D43:D49) -> 3 | E51: =SUM(E43:E49) -> 35 | F51: =SUM(F43:F49) -> 20 | G51: =SUM(G43:G49) -> 25 | H51: =SUM(H43:H49) -> 16 | I51: =SUM(I43:I49) -> 15 | J51: =SUM(J43:J49) -> 26 | ... L51: =SUM(L43:L49) -> 14 | M51: =SUM(D51:I51) -> 114 | N51: =((M51/C51)*100) -> 69.93865 | O51: =SUM(D51:K51) -> 149 | P51: =((O51/C51)*100) -> 91.411043
A53: MATHEMATICS
D54: Distinction | F54: Credit | J54: Pass | L54: Fail
A55: Class | B55: Taught By | C55: Total | D55: A* | E55: A2 | F55: B3 | G55: B4 | H55: C5 | I55: C6 | J55: D7 | K55: E8 | L55: U | M55: Total 1-6 | N55: % 1-6 | O55: Total 1-8 | P55: % 1-8
A56: 8C | B56: Ck Dk Norazlina | C56: =SUM(D56:L56) -> 20 | D56: {=TRANSPOSE([1]MASTER!$AI$34:$AI$42)} -> 0 | E56: 3 | F56: 5 | G56: 8 | H56: 1 | I56: 1 | J56: 2 | K56: 0 | L56: 0 | M56: =SUM(D56:I56) -> 18 | N56: =((M56/C56)*100) -> 90 | O56: =SUM(D56:K56) -> 20 | P56: =((O56/C56)*100) -> 100
A57: 8H | B57: Ck Hjh Umi | C57: =SUM(D57:L57) -> 20 | D57: {=TRANSPOSE([2]MASTER!$AI$34:$AI$42)} -> 0 | E57: 2 | F57: 5 | G57: 3 | H57: 3 | I57: 2 | J57: 3 | K57: 2 | L57: 0 | M57: =SUM(D57:I57) -> 15 | N57: =((M57/C57)*100) -> 75 | O57: =SUM(D57:K57) -> 20 | P57: =((O57/C57)*100) -> 100
A58: 8A | B58: Ck Ghani | C58: =SUM(D58:L58) -> 35 | D58: {=TRANSPOSE([3]MASTER!$AI$49:$AI$57)} -> 0 | E58: 0 | F58: 1 | G58: 3 | H58: 4 | I58: 3 | J58: 7 | K58: 3 | L58: 14 | M58: =SUM(D58:I58) -> 11 | N58: =((M58/C58)*100) -> 31.428571 | O58: =SUM(D58:K58) -> 21 | P58: =((O58/C58)*100) -> 60
A59: 8M | B59: Ck Hjh Syuhairah | C59: =SUM(D59:L59) -> 24 | D59: {=TRANSPOSE([4]MASTER!$AI$56:$AI$64)} -> 0 | E59: 0 | F59: 1 | G59: 0 | H59: 0 | I59: 3 | J59: 3 | K59: 9 | L59: 8 | M59: =SUM(D59:I59) -> 4 | N59: =((M59/C59)*100) -> 16.666667 | O59: =SUM(D59:K59) -> 16 | P59: =((O59/C59)*100) -> 66.666667
A60: 8P | B60: Ck Hjh Umi | C60: =SUM(D60:L60) -> 25 | D60: {=TRANSPOSE([5]MASTER!$AI$44:$AI$52)} -> 0 | E60: 0 | F60: 2 | G60: 0 | H60: 2 | I60: 0 | J60: 4 | K60: 9 | L60: 8 | M60: =SUM(D60:I60) -> 4 | N60: =((M60/C60)*100) -> 16 | O60: =SUM(D60:K60) -> 17 | P60: =((O60/C60)*100) -> 68
A61: 8I | B61: Ck Mahani | C61: =SUM(D61:L61) -> 24 | D61: {=TRANSPOSE([6]MASTER!$AI$56:$AI$64)} -> 0 | E61: 0 | F61: 0 | G61: 0 | H61: 0 | I61: 0 | J61: 5 | K61: 6 | L61: 13 | M61: =SUM(D61:I61) -> 0 | N61: =((M61/C61)*100) -> 0 | O61: =SUM(D61:K61) -> 11 | P61: =((O61/C61)*100) -> 45.833333
A62: 8O | B62: Ck Hjh Syuhairah | C62: =SUM(D62:L62) -> 15 | D62: {=TRANSPOSE([7]MASTER!$AI$29:$AI$37)} -> 0 | E62: 0 | F62: 0 | G62: 0 | H62: 0 | I62: 0 | J62: 0 | K62: 0 | L62: 15 | M62: =SUM(D62:I62) -> 0 | N62: =((M62/C62)*100) -> 0 | O62: =SUM(D62:K62) -> 0 | P62: =((O62/C62)*100) -> 0
A63: 8N | B63: Ck Hjh Umi | C63: =SUM(D63:L63) -> 12 | D63: {=TRANSPOSE([8]MASTER!$AI$26:$AI$34)} -> 0 | E63: 0 | F63: 0 | G63: 0 | H63: 0 | I63: 0 | J63: 0 | K63: 0 | L63: 12 | M63: =SUM(D63:I63) -> 0 | N63: =((M63/C63)*100) -> 0 | O63: =SUM(D63:K63) -> 0 | P63: =((O63/C63)*100) -> 0
B64: Overall | C64: =SUM(C56:C62) -> 163 | D64: =SUM(D56:D62) -> 0 | E64: =SUM(E56:E62) -> 5 | F64: =SUM(F56:F62) -> 14 | G64: =SUM(G56:G62) -> 14 | H64: =SUM(H56:H62) -> 10 | I64: =SUM(I56:I62) -> 9 | J64: =SUM(J56:J62) -> 24 | ... L64: =SUM(L56:L62) -> 58 | M64: =SUM(D64:I64) -> 52 | N64: =((M64/C64)*100) -> 31.90184 | O64: =SUM(D64:K64) -> 105 | P64: =((O64/C64)*100) -> 64.417178
A66: SCIENCE
D67: Distinction | F67: Credit | J67: Pass | L67: Fail
A68: Class | B68: Taught By | C68: Total | D68: A* | E68: A2 | F68: B3 | G68: B4 | H68: C5 | I68: C6 | J68: D7 | K68: E8 | L68: U | M68: Total 1-6 | N68: % 1-6 | O68: Total 1-8 | P68: % 1-8
A69: 8C | B69: Cg Noraini | C69: =SUM(D69:L69) -> 20 | D69: {=TRANSPOSE([1]MASTER!$AR$34:$AR$42)} -> 0 | E69: 0 | F69: 0 | G69: 2 | H69: 5 | I69: 7 | J69: 6 | K69: 0 | L69: 0 | M69: =SUM(D69:I69) -> 14 | N69: =((M69/C69)*100) -> 70 | O69: =SUM(D69:K69) -> 20 | P69: =((O69/C69)*100) -> 100
A70: 8H | B70: Cg Hjh Siti Sofina | C70: =SUM(D70:L70) -> 20 | D70: {=TRANSPOSE([2]MASTER!$AR$34:$AR$42)} -> 0 | E70: 0 | F70: 3 | G70: 2 | H70: 3 | I70: 6 | J70: 6 | K70: 0 | L70: 0 | M70: =SUM(D70:I70) -> 14 | N70: =((M70/C70)*100) -> 70 | O70: =SUM(D70:K70) -> 20 | P70: =((O70/C70)*100) -> 100
A71: 8A | B71: Cg Noraini | C71: =SUM(D71:L71) -> 35 | D71: {=TRANSPOSE([3]MASTER!$AR$49:$AR$57)} -> 0 | E71: 0 | F71: 0 | G71: 0 | H71: 1 | I71: 5 | J71: 11 | K71: 4 | L71: 14 | M71: =SUM(D71:I71) -> 6 | N71: =((M71/C71)*100) -> 17.142857 | O71: =SUM(D71:K71) -> 21 | P71: =((O71/C71)*100) -> 60
A72: 8M | B72: Cg Hjh Siti Sofina | C72: =SUM(D72:L72) -> 24 | D72: {=TRANSPOSE([4]MASTER!$AR$56:$AR$64)} -> 0 | E72: 0 | F72: 1 | G72: 0 | H72: 0 | I72: 4 | J72: 11 | K72: 7 | L72: 1 | M72: =SUM(D72:I72) -> 5 | N72: =((M72/C72)*100) -> 20.833333 | O72: =SUM(D72:K72) -> 23 | P72: =((O72/C72)*100) -> 95.833333
A73: 8P | B73: Cg Noraini | C73: =SUM(D73:L73) -> 25 | D73: {=TRANSPOSE([5]MASTER!$AR$44:$AR$52)} -> 0 | E73: 0 | F73: 0 | G73: 1 | H73: 0 | I73: 2 | J73: 2 | K73: 7 | L73: 13 | M73: =SUM(D73:I73) -> 3 | N73: =((M73/C73)*100) -> 12 | O73: =SUM(D73:K73) -> 12 | P73: =((O73/C73)*100) -> 48
A74: 8I | B74: Cg Hjh Siti Sofina | C74: =SUM(D74:L74) -> 24 | D74: {=TRANSPOSE([6]MASTER!$AR$56:$AR$64)} -> 0 | E74: 0 | F74: 0 | G74: 0 | H74: 1 | I74: 2 | J74: 4 | K74: 10 | L74: 7 | M74: =SUM(D74:I74) -> 3 | N74: =((M74/C74)*100) -> 12.5 | O74: =SUM(D74:K74) -> 17 | P74: =((O74/C74)*100) -> 70.833333
A75: 8O | B75: Cg Noraini | C75: =SUM(D75:L75) -> 15 | D75: {=TRANSPOSE([7]MASTER!$AR$29:$AR$37)} -> 0 | E75: 0 | F75: 0 | G75: 0 | H75: 0 | I75: 0 | J75: 0 | K75: 1 | L75: 14 | M75: =SUM(D75:I75) -> 0 | N75: =((M75/C75)*100) -> 0 | O75: =SUM(D75:K75) -> 1
A76: 8N | B76: Cg Noraini | C76: =SUM(D76:L76) -> 12 | D76: {=TRANSPOSE([8]MASTER!$AR$26:$AR$34)} -> 0 | E76: 0 | F76: 0 | G76: 0 | H76: 0 | I76: 0 | J76: 0 | K76: 0 | L76: 12 | M76: =SUM(D76:I76) -> 0 | N76: =((M76/C76)*100) -> 0 | O76: =SUM(D76:K76) -> 0 | P76: =((O75/C75)*100) -> 6.6666667
B77: Overall | C77: =SUM(C69:C75) -> 163 | D77: =SUM(D69:D75) -> 0 | E77: =SUM(E69:E75) -> 0 | F77: =SUM(F69:F75) -> 4 | G77: =SUM(G69:G75) -> 5 | H77: =SUM(H69:H75) -> 10 | I77: =SUM(I69:I75) -> 26 | J77: =SUM(J69:J75) -> 40 | ... L77: =SUM(L69:L75) -> 49 | M77: =SUM(D77:I77) -> 45 | N77: =((M77/C77)*100) -> 27.607362 | O77: =SUM(D77:K77) -> 114 | P77: =((O77/C77)*100) -> 69.93865
A79: BAHASA ARAB
D80: Distinction | F80: Credit | J80: Pass | L80: Fail
A81: Class | B81: Taught By | C81: Total | D81: A* | E81: A2 | F81: B3 | G81: B4 | H81: C5 | I81: C6 | J81: D7 | K81: E8 | L81: U | M81: Total 1-6 | N81: % 1-6 | O81: Total 1-8 | P81: % 1-8
A82: 8A | B82: Hjh Jusnani Awang Taha | C82: =SUM(D82:L82) -> 35 | D82: {=TRANSPOSE([3]MASTER!$CK$49:$CK$57)} -> 0 | E82: 3 | F82: 4 | G82: 3 | H82: 2 | I82: 6 | J82: 4 | K82: 1 | L82: 12 | M82: =SUM(D82:I82) -> 18 | N82: =((M82/C82)*100) -> 51.428571 | O82: =SUM(D82:K82) -> 23 | P82: =((O82/C82)*100) -> 65.714286
A83: 8M | B83: Hjh Jusnani Awang Taha | C83: =SUM(D83:L83) -> 24 | D83: {=TRANSPOSE([4]MASTER!$CK$56:$CK$64)} -> 0 | E83: 2 | F83: 2 | G83: 7 | H83: 3 | I83: 6 | J83: 3 | K83: 1 | L83: 0 | M83: =SUM(D83:I83) -> 20 | N83: =((M83/C83)*100) -> 83.333333 | O83: =SUM(D83:K83) -> 24 | P83: =((O83/C83)*100) -> 100
A84: 8P | B84: Hjh Jusnani Awang Taha | C84: =SUM(D84:L84) -> 25 | D84: {=TRANSPOSE([5]MASTER!$CK$44:$CK$52)} -> 0 | E84: 1 | F84: 1 | G84: 3 | H84: 3 | I84: 4 | J84: 4 | K84: 7 | L84: 2 | M84: =SUM(D84:I84) -> 12 | N84: =((M84/C84)*100) -> 48 | O84: =SUM(D84:K84) -> 23 | P84: =((O84/C84)*100) -> 92
B85: Overall | C85: =SUM(C82:C84) -> 84 | D85: =SUM(D82:D84) -> 0 | E85: =SUM(E82:E84) -> 6 | F85: =SUM(F82:F84) -> 7 | G85: =SUM(G82:G84) -> 13 | H85: =SUM(H82:H84) -> 8 | I85: =SUM(I82:I84) -> 16 | J85: =SUM(J82:J84) -> 11 | ... L85: =SUM(L82:L84) -> 14 | M85: =SUM(D85:I85) -> 50 | N85: =((M85/C85)*100) -> 59.52381 | O85: =SUM(D85:K85) -> 70 | P85: =((O85/C85)*100) -> 83.333333
A87: MELAYU ISLAM BERAJA
D88: Distinction | F88: Credit | J88: Pass | L88: Fail
A89: Class | B89: Taught By | C89: Total | D89: A* | E89: A2 | F89: B3 | G89: B4 | H89: C5 | I89: C6 | J89: D7 | K89: E8 | L89: U | M89: Total 1-6 | N89: % 1-6 | O89: Total 1-8 | P89: % 1-8
A90: 8C | B90: Cg Noni Ratina | C90: =SUM(D90:L90) -> 20 | D90: {=TRANSPOSE([1]MASTER!$BJ$34:$BJ$42)} -> 1 | E90: 11 | F90: 7 | G90: 1 | H90: 0 | I90: 0 | J90: 0 | K90: 0 | L90: 0 | M90: =SUM(D90:I90) -> 20 | N90: =((M90/C90)*100) -> 100 | O90: =SUM(D90:K90) -> 20 | P90: =((O90/C90)*100) -> 100
A91: 8H | B91: Cg Yussof | C91: =SUM(D91:L91) -> 20 | D91: {=TRANSPOSE([2]MASTER!$BJ$34:$BJ$42)} -> 0 | E91: 9 | F91: 8 | G91: 2 | H91: 0 | I91: 1 | J91: 0 | K91: 0 | L91: 0 | M91: =SUM(D91:I91) -> 20 | N91: =((M91/C91)*100) -> 100 | O91: =SUM(D91:K91) -> 20 | P91: =((O91/C91)*100) -> 100
A92: 8A | B92: Cg Ermawati | C92: =SUM(D92:L92) -> 35 | D92: {=TRANSPOSE([3]MASTER!$BJ$49:$BJ$57)} -> 0 | E92: 3 | F92: 8 | G92: 6 | H92: 2 | I92: 2 | J92: 2 | K92: 0 | L92: 12 | M92: =SUM(D92:I92) -> 21 | N92: =((M92/C92)*100) -> 60 | O92: =SUM(D92:K92) -> 23 | P92: =((O92/C92)*100) -> 65.714286
A93: 8M | B93: Cg Yussof | C93: =SUM(D93:L93) -> 24 | D93: {=TRANSPOSE([4]MASTER!$BJ$56:$BJ$64)} -> 0 | E93: 6 | F93: 4 | G93: 0 | H93: 10 | I93: 2 | J93: 2 | K93: 0 | L93: 0 | M93: =SUM(D93:I93) -> 22 | N93: =((M93/C93)*100) -> 91.666667 | O93: =SUM(D93:K93) -> 24 | P93: =((O93/C93)*100) -> 100
A94: 8P | B94: Cg Ummi Sahirah | C94: =SUM(D94:L94) -> 25 | D94: {=TRANSPOSE([5]MASTER!$BJ$44:$BJ$52)} -> 0 | E94: 2 | F94: 2 | G94: 3 | H94: 3 | I94: 4 | J94: 8 | K94: 0 | L94: 3 | M94: =SUM(D94:I94) -> 14 | N94: =((M94/C94)*100) -> 56 | O94: =SUM(D94:K94) -> 22 | P94: =((O94/C94)*100) -> 88
A95: 8I | B95: Cg Ummi Sahirah | C95: =SUM(D95:L95) -> 24 | D95: {=TRANSPOSE([6]MASTER!$BJ$56:$BJ$64)} -> 0 | E95: 0 | F95: 1 | G95: 4 | H95: 6 | I95: 6 | J95: 3 | K95: 3 | L95: 1 | M95: =SUM(D95:I95) -> 17 | N95: =((M95/C95)*100) -> 70.833333 | O95: =SUM(D95:K95) -> 23 | P95: =((O95/C95)*100) -> 95.833333
A96: 8O | B96: Cg Yussof | C96: =SUM(D96:L96) -> 15 | D96: {=TRANSPOSE([7]MASTER!$BJ$29:$BJ$37)} -> 0 | E96: 0 | F96: 0 | G96: 3 | H96: 4 | I96: 1 | J96: 4 | K96: 2 | L96: 1 | M96: =SUM(D96:I96) -> 8 | N96: =((M96/C96)*100) -> 53.333333 | O96: =SUM(D96:K96) -> 14 | P96: =((O96/C96)*100) -> 93.333333
A97: 8N | B97: Cg Yussof | C97: =SUM(D97:L97) -> 12 | D97: {=TRANSPOSE([8]MASTER!$BJ$26:$BJ$34)} -> 0 | E97: 0 | F97: 0 | G97: 0 | H97: 2 | I97: 2 | J97: 2 | K97: 2 | L97: 4 | M97: =SUM(D97:I97) -> 4 | N97: =((M97/C97)*100) -> 33.333333 | O97: =SUM(D97:K97) -> 8 | P97: =((O97/C97)*100) -> 66.666667
B98: Overall | C98: =SUM(C90:C96) -> 163 | D98: =SUM(D90:D96) -> 1 | E98: =SUM(E90:E96) -> 31 | F98: =SUM(F90:F96) -> 30 | G98: =SUM(G90:G96) -> 19 | H98: =SUM(H90:H96) -> 25 | I98: =SUM(I90:I96) -> 16 | J98: =SUM(J90:J96) -> 19 | ... L98: =SUM(L90:L96) -> 17 | M98: =SUM(D98:I98) -> 122 | N98: =((M98/C98)*100) -> 74.846626 | O98: =SUM(D98:K98) -> 146 | P98: =((O98/C98)*100) -> 89.570552
A100: DRAMA
D101: Distinction | F101: Credit | J101: Pass | L101: Fail
A102: Class | B102: Taught By | C102: Total | D102: A* | E102: A2 | F102: B3 | G102: B4 | H102: C5 | I102: C6 | J102: D7 | K102: E8 | L102: U | M102: Total 1-6 | N102: % 1-6 | O102: Total 1-8 | P102: % 1-8
A103: 8C | B103: Cg. Jalilah | C103: =SUM(D103:L103) -> 20 | D103: {=TRANSPOSE([1]MASTER!$CB$34:$CB$42)} -> 0 | E103: 12 | F103: 8 | G103: 0 | H103: 0 | I103: 0 | J103: 0 | K103: 0 | L103: 0 | M103: =SUM(D103:I103) -> 20 | N103: =((M103/C103)*100) -> 100 | O103: =SUM(D103:K103) -> 20 | P103: =((O103/C103)*100) -> 100
A104: 8H | B104: Cg. Jalilah | C104: =SUM(D104:L104) -> 20 | D104: {=TRANSPOSE([2]MASTER!$CB$34:$CB$42)} -> 0 | E104: 11 | F104: 4 | G104: 4 | H104: 0 | I104: 1 | J104: 0 | K104: 0 | L104: 0 | M104: =SUM(D104:I104) -> 20 | N104: =((M104/C104)*100) -> 100 | O104: =SUM(D104:K104) -> 20 | P104: =((O104/C104)*100) -> 100
B105: Overall | C105: =SUM(C103:C104) -> 40 | D105: =SUM(D103:D104) -> 0 | E105: =SUM(E103:E104) -> 23 | F105: =SUM(F103:F104) -> 12 | G105: =SUM(G103:G104) -> 4 | H105: =SUM(H103:H104) -> 0 | I105: =SUM(I103:I104) -> 1 | J105: =SUM(J103:J104) -> 0 | ... L105: =SUM(L103:L104) -> 0 | M105: =SUM(D105:I105) -> 40 | N105: =((M105/C105)*100) -> 100 | O105: =SUM(D105:K105) -> 40 | P105: =((O105/C105)*100) -> 100
A108: OVERALL PERFORMANCES
D110: Distinction | F110: Credit | J110: Pass | L110: Fail
A111: Subject | C111: Total | D111: A* | E111: A2 | F111: B3 | G111: B4 | H111: C5 | I111: C6 | J111: D7 | K111: E8 | L111: U | M111: Total 1-6 | N111: % 1-6 | O111: Total 1-8 | P111: % 1-8
...

Sheet YEAR 8 SPE
A1: BAHASA MELAYU
D2: Distinction | F2: Credit | J2: Pass | L2: Fail
A3: Class | B3: Taught By | C3: Total | D3: A* | E3: A2 | F3: B3 | G3: B4 | H3: C5 | I3: C6 | J3: D7 | K3: E8 | L3: U | M3: Total 1-6 | N3: % 1-6 | O3: Total 1-8 | P3: % 1-8
A4: 8C | B4: Cg Siti izyan | C4: =SUM(D4:L4) -> 20 | D4: {=TRANSPOSE([9]MASTER!$Q$34:$Q$42)} -> 0 | E4: 4 | F4: 11 | G4: 4 | H4: 1 | I4: 0 | J4: 0 | K4: 0 | L4: 0 | M4: =SUM(D4:I4) -> 20 | N4: =((M4/C4)*100) -> 100 | O4: =SUM(D4:K4) -> 20 | P4: =((O4/C4)*100) -> 100
A5: 8H | B5: Cg Ermawati | C5: =SUM(D5:L5) -> 20 | D5: {=TRANSPOSE([12]MASTER!$Q$34:$Q$42)} -> 0 | E5: 0 | F5: 4 | G5: 7 | H5: 8 | I5: 1 | J5: 0 | K5: 0 | L5: 0 | M5: =SUM(D5:I5) -> 20 | N5: =((M5/C5)*100) -> 100 | O5: =SUM(D5:K5) -> 20 | P5: =((O5/C5)*100) -> 100
A6: 8A | B6: Cg Noni Ratina | C6: =SUM(D6:L6) -> 23 | D6: {=TRANSPOSE([10]MASTER!$Q$49:$Q$57)} -> 0 | E6: 0 | F6: 1 | G6: 5 | H6: 5 | I6: 8 | J6: 4 | K6: 0 | L6: 0 | M6: =SUM(D6:I6) -> 19 | N6: =((M6/C6)*100) -> 82.608696 | O6: =SUM(D6:K6) -> 23 | P6: =((O6/C6)*100) -> 100
A7: 8M | B7: Cg Noni Ratina | C7: =SUM(D7:L7) -> 24 | D7: {=TRANSPOSE([11]MASTER!$Q$56:$Q$64)} -> 0 | E7: 2 | F7: 1 | G7: 6 | H7: 5 | I7: 6 | J7: 4 | K7: 0 | L7: 0 | M7: =SUM(D7:I7) -> 20 | N7: =((M7/C7)*100) -> 83.333333 | O7: =SUM(D7:K7) -> 24 | P7: =((O7/C7)*100) -> 100
A8: 8P | B8: Cg Ermawati | C8: =SUM(D8:L8) -> 25 | D8: {=TRANSPOSE([13]MASTER!$Q$44:$Q$52)} -> 0 | E8: 0 | F8: 2 | G8: 4 | H8: 8 | I8: 5 | J8: 5 | K8: 0 | L8: 1 | M8: =SUM(D8:I8) -> 19 | N8: =((M8/C8)*100) -> 76 | O8: =SUM(D8:K8) -> 24 | P8: =((O8/C8)*100) -> 96
A9: 8I | B9: Cg Siti izyan | C9: =SUM(D9:L9) -> 24 | D9: {=TRANSPOSE([14]MASTER!$Q$56:$Q$64)} -> 0 | E9: 0 | F9: 0 | G9: 4 | H9: 4 | I9: 9 | J9: 6 | K9: 1 | L9: 0 | M9: =SUM(D9:I9) -> 17 | N9: =((M9/C9)*100) -> 70.833333 | O9: =SUM(D9:K9) -> 24 | P9: =((O9/C9)*100) -> 100
A10: 8O | B10: Cg Siti Izyan | C10: =SUM(D10:L10) -> 15 | D10: {=TRANSPOSE([15]MASTER!$Q$29:$Q$37)} -> 0 | E10: 0 | F10: 0 | G10: 0 | H10: 4 | I10: 2 | J10: 7 | K10: 0 | L10: 2 | M10: =SUM(D10:I10) -> 6 | N10: =((M10/C10)*100) -> 40 | O10: =SUM(D10:K10) -> 13 | P10: =((O10/C10)*100) -> 86.666667
A11: 8N | B11: Cg Ermawati | C11: =SUM(D11:L11) -> 12 | D11: {=TRANSPOSE([16]MASTER!$Q$26:$Q$34)} -> 0 | E11: 0 | F11: 0 | G11: 0 | H11: 0 | I11: 0 | J11: 6 | K11: 3 | L11: 3 | M11: =SUM(D11:I11) -> 0 | N11: =((M11/C11)*100) -> 0 | O11: =SUM(D11:K11) -> 9 | P11: =((O11/C11)*100) -> 75
B12: Overall | C12: =SUM(C4:C11) -> 163 | D12: =SUM(D4:D11) -> 0 | E12: =SUM(E4:E11) -> 6 | F12: =SUM(F4:F11) -> 19 | G12: =SUM(G4:G11) -> 30 | H12: =SUM(H4:H11) -> 35 | I12: =SUM(I4:I11) -> 31 | J12: =SUM(J4:J11) -> 32 | ... L12: =SUM(L4:L11) -> 6 | M12: =SUM(D12:I12) -> 121 | N12: =((M12/C12)*100) -> 74.233129 | O12: =SUM(D12:K12) -> 157 | P12: =((O12/C12)*100) -> 96.319018
A14: ENGLISH LANGUAGE
D15: Distinction | F15: Credit | J15: Pass | L15: Fail
A16: Class | B16: Taught By | C16: Total | D16: A* | E16: A2 | F16: B3 | G16: B4 | H16: C5 | I16: C6 | J16: D7 | K16: E8 | L16: U | M16: Total 1-6 | N16: % 1-6 | O16: Total 1-8 | P16: % 1-8
A17: 8C | B17: Derek | C17: =SUM(D17:L17) -> 20 | D17: {=TRANSPOSE([9]MASTER!$Z$34:$Z$42)} -> 8 | E17: 12 | F17: 0 | G17: 0 | H17: 0 | I17: 0 | J17: 0 | K17: 0 | L17: 0 | M17: =SUM(D17:I17) -> 20 | N17: =((M17/C17)*100) -> 100 | O17: =SUM(D17:K17) -> 20 | P17: =((O17/C17)*100) -> 100
A18: 8H | B18: Cg Pieter | C18: =SUM(D18:L18) -> 20 | D18: {=TRANSPOSE([12]MASTER!$Z$34:$Z$42)} -> 3 | E18: 8 | F18: 1 | G18: 6 | H18: 2 | I18: 0 | J18: 0 | K18: 0 | L18: 0 | M18: =SUM(D18:I18) -> 20 | N18: =((M18/C18)*100) -> 100 | O18: =SUM(D18:K18) -> 20 | P18: =((O18/C18)*100) -> 100
A19: 8A | B19: Derek | C19: =SUM(D19:L19) -> 23 | D19: {=TRANSPOSE([10]MASTER!$Z$49:$Z$57)} -> 1 | E19: 17 | F19: 4 | G19: 1 | H19: 0 | I19: 0 | J19: 0 | K19: 0 | L19: 0 | M19: =SUM(D19:I19) -> 23 | N19: =((M19/C19)*100) -> 100 | O19: =SUM(D19:K19) -> 23 | P19: =((O19/C19)*100) -> 100
A20: 8M | B20: Cg Pieter | C20: =SUM(D20:L20) -> 24 | D20: {=TRANSPOSE([11]MASTER!$Z$56:$Z$64)} -> 3 | E20: 6 | F20: 7 | G20: 6 | H20: 1 | I20: 1 | J20: 0 | K20: 0 | L20: 0 | M20: =SUM(D20:I20) -> 24 | N20: =((M20/C20)*100) -> 100 | O20: =SUM(D20:K20) -> 24 | P20: =((O20/C20)*100) -> 100
A21: 8P | B21: Derek | C21: =SUM(D21:L21) -> 25 | D21: {=TRANSPOSE([13]MASTER!$Z$44:$Z$52)} -> 0 | E21: 4 | F21: 6 | G21: 5 | H21: 6 | I21: 1 | J21: 3 | K21: 0 | L21: 0 | M21: =SUM(D21:I21) -> 22 | N21: =((M21/C21)*100) -> 88 | O21: =SUM(D21:K21) -> 25 | P21: =((O21/C21)*100) -> 100
A22: 8I | B22: Aimi | C22: =SUM(D22:L22) -> 24 | D22: {=TRANSPOSE([14]MASTER!$Z$56:$Z$64)} -> 0 | E22: 0 | F22: 3 | G22: 6 | H22: 5 | I22: 5 | J22: 5 | K22: 0 | L22: 0 | M22: =SUM(D22:I22) -> 19 | N22: =((M22/C22)*100) -> 79.166667 | O22: =SUM(D22:K22) -> 24 | P22: =((O22/C22)*100) -> 100
A23: 8O | B23: Dk Hjh Sri Hani | C23: =SUM(D23:L23) -> 15 | D23: {=TRANSPOSE([15]MASTER!$Z$29:$Z$37)} -> 0 | E23: 0 | F23: 1 | G23: 2 | H23: 1 | I23: 5 | J23: 5 | K23: 0 | L23: 1 | M23: =SUM(D23:I23) -> 9 | N23: =((M23/C23)*100) -> 60 | O23: =SUM(D23:K23) -> 14 | P23: =((O23/C23)*100) -> 93.333333
A24: 8N | B24: Aimi | C24: =SUM(D24:L24) -> 12 | D24: {=TRANSPOSE([16]MASTER!$Z$26:$Z$34)} -> 0 | E24: 0 | F24: 0 | G24: 0 | H24: 2 | I24: 0 | J24: 2 | K24: 4 | L24: 4 | M24: =SUM(D24:I24) -> 2 | N24: =((M24/C24)*100) -> 16.666667 | O24: =SUM(D24:K24) -> 8 | P24: =((O24/C24)*100) -> 66.666667
B25: Overall | C25: =SUM(C17:C24) -> 163 | D25: =SUM(D17:D24) -> 15 | E25: =SUM(E17:E24) -> 47 | F25: =SUM(F17:F24) -> 22 | G25: =SUM(G17:G24) -> 26 | H25: =SUM(H17:H24) -> 17 | I25: =SUM(I17:I24) -> 12 | J25: =SUM(J17:J24) -> 15 | ... L25: =SUM(L17:L24) -> 5 | M25: =SUM(D25:I25) -> 139 | N25: =((M25/C25)*100) -> 85.276074 | O25: =SUM(D25:K25) -> 158 | P25: =((O25/C25)*100) -> 96.932515
A27: ISLAMIC RELIGIOUS KNOWLEDGE
D28: Distinction | F28: Credit | J28: Pass | L28: Fail
A29: Class | B29: Taught By | C29: Total | D29: A* | E29: A2 | F29: B3 | G29: B4 | H29: C5 | I29: C6 | J29: D7 | K29: E8 | L29: U | M29: Total 1-6 | N29: % 1-6 | O29: Total 1-8 | P29: % 1-8
A30: 8C | B30: HJ AZMI | C30: =SUM(D30:L30) -> 20 | D30: {=TRANSPOSE([9]MASTER!$BA$34:$BA$42)} -> 8 | E30: 8 | F30: 3 | G30: 1 | H30: 0 | I30: 0 | J30: 0 | K30: 0 | L30: 0 | M30: =SUM(D30:I30) -> 20 | N30: =((M30/C30)*100) -> 100 | O30: =SUM(D30:K30) -> 20 | P30: =((O30/C30)*100) -> 100
A31: 8H | B31: HJ AZMI | C31: =SUM(D31:L31) -> 20 | D31: {=TRANSPOSE([12]MASTER!$BA$34:$BA$42)} -> 11 | E31: 4 | F31: 1 | G31: 1 | H31: 0 | I31: 0 | J31: 3 | K31: 0 | L31: 0 | M31: =SUM(D31:I31) -> 17 | N31: =((M31/C31)*100) -> 85 | O31: =SUM(D31:K31) -> 20 | P31: =((O31/C31)*100) -> 100
A32: 8A | B32: HJH FAUZIAHWATI | C32: =SUM(D32:L32) -> 23 | D32: {=TRANSPOSE([10]MASTER!$BA$49:$BA$57)} -> 3 | E32: 12 | F32: 4 | G32: 2 | H32: 1 | I32: 0 | J32: 1 | K32: 0 | L32: 0 | M32: =SUM(D32:I32) -> 22 | N32: =((M32/C32)*100) -> 95.652174 | O32: =SUM(D32:K32) -> 23 | P32: =((O32/C32)*100) -> 100
A33: 8M | B33: HJH FAUZIAHWATI | C33: =SUM(D33:L33) -> 24 | D33: {=TRANSPOSE([11]MASTER!$BA$56:$BA$64)} -> 3 | E33: 6 | F33: 2 | G33: 3 | H33: 0 | I33: 2 | J33: 5 | K33: 2 | L33: 1 | M33: =SUM(D33:I33) -> 16 | N33: =((M33/C33)*100) -> 66.666667 | O33: =SUM(D33:K33) -> 23 | P33: =((O33/C33)*100) -> 95.833333
A34: 8P | B34: HJ AZMI | C34: =SUM(D34:L34) -> 25 | D34: {=TRANSPOSE([13]MASTER!$BA$44:$BA$52)} -> 2 | E34: 2 | F34: 2 | G34: 4 | H34: 2 | I34: 1 | J34: 7 | K34: 1 | L34: 4 | M34: =SUM(D34:I34) -> 13 | N34: =((M34/C34)*100) -> 52 | O34: =SUM(D34:K34) -> 21 | P34: =((O34/C34)*100) -> 84
A35: 8I | B35: HJH FAUZIAHWATI | C35: =SUM(D35:L35) -> 24 | D35: {=TRANSPOSE([14]MASTER!$BA$56:$BA$64)} -> 1 | E35: 5 | F35: 0 | G35: 1 | H35: 2 | I35: 5 | J35: 4 | K35: 3 | L35: 3 | M35: =SUM(D35:I35) -> 14 | N35: =((M35/C35)*100) -> 58.333333 | O35: =SUM(D35:K35) -> 21 | P35: =((O35/C35)*100) -> 87.5
A36: 8O | B36: HJ AZMI | C36: =SUM(D36:L36) -> 15 | D36: {=TRANSPOSE([15]MASTER!$BA$29:$BA$37)} -> 0 | E36: 0 | F36: 0 | G36: 2 | H36: 1 | I36: 0 | J36: 3 | K36: 5 | L36: 4 | M36: 9 | N36: =((M36/C36)*100) -> 60 | O36: =SUM(D36:K36) -> 11 | P36: =((O36/C36)*100) -> 73.333333
A37: 8N | B37: HJH FAUZIAHWATI | C37: =SUM(D37:L37) -> 12 | D37: {=TRANSPOSE([16]MASTER!$BA$26:$BA$34)} -> 0 | E37: 0 | F37: 0 | G37: 0 | H37: 0 | I37: 0 | J37: 1 | K37: 2 | L37: 9 | M37: 9 | N37: =((M37/C37)*100) -> 75 | O37: =SUM(D37:K37) -> 3 | P37: =((O37/C37)*100) -> 25
B38: Overall | C38: =SUM(C30:C37) -> 163 | D38: =SUM(D30:D37) -> 28 | E38: =SUM(E30:E37) -> 37 | F38: =SUM(F30:F37) -> 12 | G38: =SUM(G30:G37) -> 14 | H38: =SUM(H30:H37) -> 6 | I38: =SUM(I30:I37) -> 8 | J38: =SUM(J30:J37) -> 24 | ... L38: =SUM(L30:L37) -> 21 | M38: =SUM(D38:I38) -> 105 | N38: =((M38/C38)*100) -> 64.417178 | O38: =SUM(D38:K38) -> 142 | P38: =((O38/C38)*100) -> 87.116564
A40: SOCIAL STUDIES
D41: Distinction | F41: Credit | J41: Pass | L41: Fail
A42: Class | B42: Taught By | C42: Total | D42: A* | E42: A2 | F42: B3 | G42: B4 | H42: C5 | I42: C6 | J42: D7 | K42: E8 | L42: U | M42: Total 1-6 | N42: % 1-6 | O42: Total 1-8 | P42: % 1-8
A43: 8C | B43: DK MARIEAH | C43: =SUM(D43:L43) -> 20 | D43: {=TRANSPOSE([9]MASTER!$BS$34:$BS$42)} -> 0 | E43: 4 | F43: 5 | G43: 3 | H43: 5 | I43: 1 | J43: 2 | K43: 0 | L43: 0 | M43: =SUM(D43:I43) -> 18 | N43: =((M43/C43)*100) -> 90 | O43: =SUM(D43:K43) -> 20 | P43: =((O43/C43)*100) -> 100
A44: 8H | B44: SUNARDI | C44: =SUM(D44:L44) -> 20 | D44: {=TRANSPOSE([12]MASTER!$BS$34:$BS$42)} -> 3 | E44: 6 | F44: 3 | G44: 6 | H44: 1 | I44: 1 | J44: 0 | K44: 0 | L44: 0 | M44: =SUM(D44:I44) -> 20 | N44: =((M44/C44)*100) -> 100 | O44: =SUM(D44:K44) -> 20 | P44: =((O44/C44)*100) -> 100
A45: 8A | B45: PG HJH MARLINAWATI | C45: =SUM(D45:L45) -> 23 | D45: {=TRANSPOSE([10]MASTER!$BS$49:$BS$57)} -> 4 | E45: 11 | F45: 1 | G45: 3 | H45: 3 | I45: 1 | J45: 0 | K45: 0 | L45: 0 | M45: =SUM(D45:I45) -> 23 | N45: =((M45/C45)*100) -> 100 | O45: =SUM(D45:K45) -> 23 | P45: =((O45/C45)*100) -> 100
A46: 8M | B46: DK MARIEAH | C46: =SUM(D46:L46) -> 24 | D46: {=TRANSPOSE([11]MASTER!$BS$56:$BS$64)} -> 0 | E46: 0 | F46: 1 | G46: 1 | H46: 2 | I46: 1 | J46: 13 | K46: 5 | L46: 1 | M46: =SUM(D46:I46) -> 5 | N46: =((M46/C46)*100) -> 20.833333 | O46: =SUM(D46:K46) -> 23 | P46: =((O46/C46)*100) -> 95.833333
A47: 8P | B47: PG HJH MARLINAWATI | C47: =SUM(D47:L47) -> 25 | D47: {=TRANSPOSE([13]MASTER!$BS$44:$BS$52)} -> 0 | E47: 2 | F47: 3 | G47: 3 | H47: 1 | I47: 3 | J47: 8 | K47: 4 | L47: 1 | M47: =SUM(D47:I47) -> 12 | N47: =((M47/C47)*100) -> 48 | O47: =SUM(D47:K47) -> 24 | P47: =((O47/C47)*100) -> 96
A48: 8I | B48: PG HJH MARLINAWATI | C48: =SUM(D48:L48) -> 24 | D48: {=TRANSPOSE([14]MASTER!$BS$56:$BS$64)} -> 1 | E48: 6 | F48: 3 | G48: 5 | H48: 3 | I48: 2 | J48: 4 | K48: 0 | L48: 0 | M48: =SUM(D48:I48) -> 20 | N48: =((M48/C48)*100) -> 83.333333 | O48: =SUM(D48:K48) -> 24 | P48: =((O48/C48)*100) -> 100
A49: 8O | B49: AZYMAN | C49: =SUM(D49:L49) -> 15 | D49: {=TRANSPOSE([15]MASTER!$BS$29:$BS$37)} -> 0 | E49: 0 | F49: 1 | G49: 0 | H49: 1 | I49: 1 | J49: 10 | K49: 1 | L49: 1 | M49: =SUM(D49:I49) -> 3 | N49: =((M49/C49)*100) -> 20 | O49: =SUM(D49:K49) -> 14 | P49: =((O49/C49)*100) -> 93.333333
A50: 8N | B50: SUNARDI | C50: =SUM(D50:L50) -> 12 | D50: {=TRANSPOSE([16]MASTER!$BS$26:$BS$34)} -> 0 | E50: 0 | F50: 0 | G50: 0 | H50: 0 | I50: 0 | J50: 2 | K50: 2 | L50: 8 | M50: =SUM(D50:I50) -> 0 | N50: =((M50/C50)*100) -> 0 | O50: =SUM(D50:K50) -> 4 | P50: =((O50/C50)*100) -> 33.333333
B51: Overall | C51: =SUM(C43:C50) -> 163 | D51: =SUM(D43:D50) -> 8 | E51: =SUM(E43:E50) -> 29 | F51: =SUM(F43:F50) -> 17 | G51: =SUM(G43:G50) -> 21 | H51: =SUM(H43:H50) -> 16 | I51: =SUM(I43:I50) -> 10 | J51: =SUM(J43:J50) -> 39 | ... L51: =SUM(L43:L50) -> 11 | M51: =SUM(D51:I51) -> 101 | N51: =((M51/C51)*100) -> 61.96319 | O51: =SUM(D51:K51) -> 152 | P51: =((O51/C51)*100) -> 93.251534
A53: MATHEMATICS
D54: Distinction | F54: Credit | J54: Pass | L54: Fail
A55: Class | B55: Taught By | C55: Total | D55: A* | E55: A2 | F55: B3 | G55: B4 | H55: C5 | I55: C6 | J55: D7 | K55: E8 | L55: U | M55: Total 1-6 | N55: % 1-6 | O55: Total 1-8 | P55: % 1-8
A56: 8C | B56: Ck Dk Norazlina | C56: =SUM(D56:L56) -> 20 | D56: {=TRANSPOSE([9]MASTER!$AI$34:$AI$42)} -> 0 | E56: 10 | F56: 6 | G56: 2 | H56: 2 | I56: 0 | J56: 0 | K56: 0 | L56: 0 | M56: =SUM(D56:I56) -> 20 | N56: =((M56/C56)*100) -> 100 | O56: =SUM(D56:K56) -> 20 | P56: =((O56/C56)*100) -> 100
A57: 8H | B57: Ck Hjh Umi | C57: =SUM(D57:L57) -> 20 | D57: {=TRANSPOSE([12]MASTER!$AI$34:$AI$42)} -> 0 | E57: 1 | F57: 3 | G57: 7 | H57: 2 | I57: 2 | J57: 3 | K57: 2 | L57: 0 | M57: =SUM(D57:I57) -> 15 | N57: =((M57/C57)*100) -> 75 | O57: =SUM(D57:K57) -> 20 | P57: =((O57/C57)*100) -> 100
A58: 8A | B58: Ck Ghani | C58: =SUM(D58:L58) -> 23 | D58: {=TRANSPOSE([10]MASTER!$AI$49:$AI$57)} -> 0 | E58: 0 | F58: 3 | G58: 3 | H58: 3 | I58: 4 | J58: 5 | K58: 3 | L58: 2 | M58: =SUM(D58:I58) -> 13 | N58: =((M58/C58)*100) -> 56.521739 | O58: =SUM(D58:K58) -> 21 | P58: =((O58/C58)*100) -> 91.304348
A59: 8M | B59: Ck Hjh Syuhairah | C59: =SUM(D59:L59) -> 24 | D59: {=TRANSPOSE([11]MASTER!$AI$56:$AI$64)} -> 0 | E59: 1 | F59: 0 | G59: 0 | H59: 1 | I59: 1 | J59: 6 | K59: 12 | L59: 3 | M59: =SUM(D59:I59) -> 3 | N59: =((M59/C59)*100) -> 12.5 | O59: =SUM(D59:K59) -> 21 | P59: =((O59/C59)*100) -> 87.5
A60: 8P | B60: Ck Hjh Umi | C60: =SUM(D60:L60) -> 25 | D60: {=TRANSPOSE([13]MASTER!$AI$44:$AI$52)} -> 0 | E60: 0 | F60: 2 | G60: 0 | H60: 2 | I60: 0 | J60: 4 | K60: 9 | L60: 8 | M60: =SUM(D60:I60) -> 4 | N60: =((M60/C60)*100) -> 16 | O60: =SUM(D60:K60) -> 17 | P60: =((O60/C60)*100) -> 68
A61: 8I | B61: Ck Mahani | C61: =SUM(D61:L61) -> 24 | D61: {=TRANSPOSE([14]MASTER!$AI$56:$AI$64)} -> 0 | E61: 0 | F61: 0 | G61: 0 | H61: 0 | I61: 3 | J61: 3 | K61: 10 | L61: 8 | M61: =SUM(D61:I61) -> 3 | N61: =((M61/C61)*100) -> 12.5 | O61: =SUM(D61:K61) -> 16 | P61: =((O61/C61)*100) -> 66.666667
A62: 8O | B62: Ck Hjh Syuhairah | C62: =SUM(D62:L62) -> 15 | D62: {=TRANSPOSE([15]MASTER!$AI$29:$AI$37)} -> 0 | E62: 0 | F62: 0 | G62: 0 | H62: 0 | I62: 0 | J62: 0 | K62: 0 | L62: 15 | M62: =SUM(D62:I62) -> 0 | N62: =((M62/C62)*100) -> 0 | O62: =SUM(D62:K62) -> 0 | P62: =((O62/C62)*100) -> 0
A63: 8N | B63: Ck Hjh Umi | C63: =SUM(D63:L63) -> 12 | D63: {=TRANSPOSE([16]MASTER!$AI$26:$AI$34)} -> 0 | E63: 0 | F63: 0 | G63: 0 | H63: 0 | I63: 0 | J63: 0 | K63: 0 | L63: 12 | M63: =SUM(D63:I63) -> 0 | N63: =((M63/C63)*100) -> 0 | O63: =SUM(D63:K63) -> 0 | P63: =((O63/C63)*100) -> 0
B64: Overall | C64: =SUM(C56:C63) -> 163 | D64: =SUM(D56:D63) -> 0 | E64: =SUM(E56:E63) -> 12 | F64: =SUM(F56:F63) -> 14 | G64: =SUM(G56:G63) -> 12 | H64: =SUM(H56:H63) -> 10 | I64: =SUM(I56:I63) -> 10 | J64: =SUM(J56:J63) -> 21 | ... M64: =SUM(M56:M63) -> 58 | N64: =((M64/C64)*100) -> 35.582822 | O64: =SUM(D64:K64) -> 115 | P64: =((O64/C64)*100) -> 70.552147
A66: SCIENCE
D67: Distinction | F67: Credit | J67: Pass | L67: Fail
A68: Class | B68: Taught By | C68: Total | D68: A* | E68: A2 | F68: B3 | G68: B4 | H68: C5 | I68: C6 | J68: D7 | K68: E8 | L68: U | M68: Total 1-6 | N68: % 1-6 | O68: Total 1-8 | P68: % 1-8
A69: 8C | B69: Cg Noraini | C69: =SUM(D69:L69) -> 20 | D69: {=TRANSPOSE([9]MASTER!$AR$34:$AR$42)} -> 0 | E69: 0 | F69: 0 | G69: 1 | H69: 3 | I69: 7 | J69: 8 | K69: 1 | L69: 0 | M69: =SUM(D69:I69) -> 11 | N69: =((M69/C69)*100) -> 55 | O69: =SUM(D69:K69) -> 20 | P69: =((O69/C69)*100) -> 100
A70: 8H | B70: Cg Hjh Siti Sofina | C70: =SUM(D70:L70) -> 20 | D70: {=TRANSPOSE([12]MASTER!$AR$34:$AR$42)} -> 0 | E70: 0 | F70: 1 | G70: 4 | H70: 2 | I70: 4 | J70: 8 | K70: 1 | L70: 0 | M70: =SUM(D70:I70) -> 11 | N70: =((M70/C70)*100) -> 55 | O70: =SUM(D70:K70) -> 20 | P70: =((O70/C70)*100) -> 100
A71: 8A | B71: Cg Noraini | C71: =SUM(D71:L71) -> 23 | D71: {=TRANSPOSE([10]MASTER!$AR$49:$AR$57)} -> 0 | E71: 0 | F71: 0 | G71: 0 | H71: 0 | I71: 5 | J71: 6 | K71: 10 | L71: 2 | M71: =SUM(D71:I71) -> 5 | N71: =((M71/C71)*100) -> 21.73913 | O71: =SUM(D71:K71) -> 21 | P71: =((O71/C71)*100) -> 91.304348
A72: 8M | B72: Cg Hjh Siti Sofina | C72: =SUM(D72:L72) -> 24 | D72: {=TRANSPOSE([11]MASTER!$AR$56:$AR$64)} -> 0 | E72: 0 | F72: 0 | G72: 1 | H72: 0 | I72: 4 | J72: 10 | K72: 6 | L72: 3 | M72: =SUM(D72:I72) -> 5 | N72: =((M72/C72)*100) -> 20.833333 | O72: =SUM(D72:K72) -> 21 | P72: =((O72/C72)*100) -> 87.5
A73: 8P | B73: Cg Noraini | C73: =SUM(D73:L73) -> 25 | D73: {=TRANSPOSE([13]MASTER!$AR$44:$AR$52)} -> 0 | E73: 0 | F73: 0 | G73: 1 | H73: 0 | I73: 2 | J73: 2 | K73: 7 | L73: 13 | M73: =SUM(D73:I73) -> 3 | N73: =((M73/C73)*100) -> 12 | O73: =SUM(D73:K73) -> 12 | P73: =((O73/C73)*100) -> 48
A74: 8I | B74: Cg Hjh Siti Sofina | C74: =SUM(D74:L74) -> 24 | D74: {=TRANSPOSE([14]MASTER!$AR$56:$AR$64)} -> 0 | E74: 0 | F74: 0 | G74: 0 | H74: 1 | I74: 1 | J74: 4 | K74: 8 | L74: 10 | M74: =SUM(D74:I74) -> 2 | N74: =((M74/C74)*100) -> 8.3333333 | O74: =SUM(D74:K74) -> 14 | P74: =((O74/C74)*100) -> 58.333333
A75: 8O | B75: Cg Noraini | C75: =SUM(D75:L75) -> 15 | D75: {=TRANSPOSE([15]MASTER!$AR$29:$AR$37)} -> 0 | E75: 0 | F75: 0 | G75: 0 | H75: 0 | I75: 0 | J75: 0 | K75: 0 | L75: 15 | M75: =SUM(D75:I75) -> 0 | N75: =((M75/C75)*100) -> 0 | O75: =SUM(D75:K75) -> 0 | P75: =((O75/C75)*100) -> 0
A76: 8N | B76: Cg Noraini | C76: =SUM(D76:L76) -> 12 | D76: {=TRANSPOSE([16]MASTER!$AR$26:$AR$34)} -> 0 | E76: 0 | F76: 0 | G76: 0 | H76: 0 | I76: 0 | J76: 0 | K76: 0 | L76: 12 | M76: =SUM(D76:I76) -> 0 | N76: =((M76/C76)*100) -> 0 | O76: =SUM(D76:K76) -> 0 | P76: =((O76/C76)*100) -> 0
B77: Overall | C77: =SUM(C69:C76) -> 163 | D77: =SUM(D69:D76) -> 0 | E77: =SUM(E69:E76) -> 0 | F77: =SUM(F69:F76) -> 1 | G77: =SUM(G69:G76) -> 7 | H77: =SUM(H69:H76) -> 6 | I77: =SUM(I69:I76) -> 23 | J77: =SUM(J69:J76) -> 38 | ... L77: =SUM(L69:L76) -> 55 | M77: =SUM(D77:I77) -> 37 | N77: =((M77/C77)*100) -> 22.699387 | O77: =SUM(D77:K77) -> 108 | P77: =((O77/C77)*100) -> 66.257669
A79: BAHASA ARAB
D80: Distinction | F80: Credit | J80: Pass | L80: Fail
A81: Class | B81: Taught By | C81: Total | D81: A* | E81: A2 | F81: B3 | G81: B4 | H81: C5 | I81: C6 | J81: D7 | K81: E8 | L81: U | M81: Total 1-6 | N81: % 1-6 | O81: Total 1-8 | P81: % 1-8
A82: 8A | B82: Hjh Jusnani Awang Taha | C82: =SUM(D82:L82) -> 23 | D82: {=TRANSPOSE([10]MASTER!$CK$49:$CK$57)} -> 0 | E82: 3 | F82: 4 | G82: 3 | H82: 2 | I82: 3 | J82: 5 | K82: 3 | L82: 0 | M82: =SUM(D82:I82) -> 15 | N82: =((M82/C82)*100) -> 65.217391 | O82: =SUM(D82:K82) -> 23 | P82: =((O82/C82)*100) -> 100
A83: 8M | B83: Hjh Jusnani Awang Taha | C83: =SUM(D83:L83) -> 24 | D83: {=TRANSPOSE([11]MASTER!$CK$56:$CK$64)} -> 0 | E83: 2 | F83: 3 | G83: 5 | H83: 4 | I83: 3 | J83: 5 | K83: 2 | L83: 0 | M83: =SUM(D83:I83) -> 17 | N83: =((M83/C83)*100) -> 70.833333 | O83: =SUM(D83:K83) -> 24 | P83: =((O83/C83)*100) -> 100
A84: 8P | B84: Hjh Jusnani Awang Taha | C84: =SUM(D84:L84) -> 25 | D84: {=TRANSPOSE([13]MASTER!$CK$44:$CK$52)} -> 0 | E84: 1 | F84: 1 | G84: 3 | H84: 3 | I84: 4 | J84: 4 | K84: 7 | L84: 2 | M84: =SUM(D84:I84) -> 12 | N84: =((M84/C84)*100) -> 48 | O84: =SUM(D84:K84) -> 23 | P84: =((O84/C84)*100) -> 92
B85: Overall | C85: =SUM(C82:C84) -> 72 | D85: =SUM(D82:D84) -> 0 | E85: =SUM(E82:E84) -> 6 | F85: =SUM(F82:F84) -> 8 | G85: =SUM(G82:G84) -> 11 | H85: =SUM(H82:H84) -> 9 | I85: =SUM(I82:I84) -> 10 | J85: =SUM(J82:J84) -> 14 | ... L85: =SUM(L82:L84) -> 2 | M85: =SUM(D85:I85) -> 44 | N85: =((M85/C85)*100) -> 61.111111 | O85: =SUM(D85:K85) -> 70 | P85: =((O85/C85)*100) -> 97.222222
A87: MELAYU ISLAM BERAJA
D88: Distinction | F88: Credit | J88: Pass | L88: Fail
A89: Class | B89: Taught By | C89: Total | D89: A* | E89: A2 | F89: B3 | G89: B4 | H89: C5 | I89: C6 | J89: D7 | K89: E8 | L89: U | M89: Total 1-6 | N89: % 1-6 | O89: Total 1-8 | P89: % 1-8
A90: 8C | B90: Cg Noni Ratina | C90: =SUM(D90:L90) -> 20 | D90: {=TRANSPOSE([9]MASTER!$BJ$34:$BJ$42)} -> 1 | E90: 5 | F90: 5 | G90: 9 | H90: 0 | I90: 0 | J90: 0 | K90: 0 | L90: 0 | M90: =SUM(D90:I90) -> 20 | N90: =((M90/C90)*100) -> 100 | O90: =SUM(D90:K90) -> 20 | P90: =((O90/C90)*100) -> 100
A91: 8H | B91: Cg Yussof | C91: =SUM(D91:L91) -> 20 | D91: {=TRANSPOSE([12]MASTER!$BJ$34:$BJ$42)} -> 0 | E91: 7 | F91: 6 | G91: 6 | H91: 0 | I91: 1 | J91: 0 | K91: 0 | L91: 0 | M91: =SUM(D91:I91) -> 20 | N91: =((M91/C91)*100) -> 100 | O91: =SUM(D91:K91) -> 20 | P91: =((O91/C91)*100) -> 100
A92: 8A | B92: Cg Ermawati | C92: =SUM(D92:L92) -> 23 | D92: {=TRANSPOSE([10]MASTER!$BJ$49:$BJ$57)} -> 0 | E92: 2 | F92: 4 | G92: 5 | H92: 5 | I92: 4 | J92: 1 | K92: 2 | L92: 0 | M92: =SUM(D92:I92) -> 20 | N92: =((M92/C92)*100) -> 86.956522 | O92: =SUM(D92:K92) -> 23 | P92: =((O92/C92)*100) -> 100
A93: 8M | B93: Cg Yussof | C93: =SUM(D93:L93) -> 24 | D93: {=TRANSPOSE([11]MASTER!$BJ$56:$BJ$64)} -> 0 | E93: 6 | F93: 3 | G93: 1 | H93: 2 | I93: 3 | J93: 8 | K93: 1 | L93: 0 | M93: =SUM(D93:I93) -> 15 | N93: =((M93/C93)*100) -> 62.5 | O93: =SUM(D93:K93) -> 24 | P93: =((O93/C93)*100) -> 100
A94: 8P | B94: Cg Ummi Sahirah | C94: =SUM(D94:L94) -> 25 | D94: {=TRANSPOSE([13]MASTER!$BJ$44:$BJ$52)} -> 0 | E94: 2 | F94: 2 | G94: 3 | H94: 3 | I94: 4 | J94: 8 | K94: 0 | L94: 3 | M94: =SUM(D94:I94) -> 14 | N94: =((M94/C94)*100) -> 56 | O94: =SUM(D94:K94) -> 22 | P94: =((O94/C94)*100) -> 88
A95: 8I | B95: Cg Ummi Sahirah | C95: =SUM(D95:L95) -> 24 | D95: {=TRANSPOSE([14]MASTER!$BJ$56:$BJ$64)} -> 0 | E95: 0 | F95: 0 | G95: 2 | H95: 1 | I95: 8 | J95: 7 | K95: 4 | L95: 2 | M95: =SUM(D95:I95) -> 11 | N95: =((M95/C95)*100) -> 45.833333 | O95: =SUM(D95:K95) -> 22 | P95: =((O95/C95)*100) -> 91.666667
A96: 8O | B96: Cg Yussof | C96: =SUM(D96:L96) -> 15 | D96: {=TRANSPOSE([15]MASTER!$BJ$29:$BJ$37)} -> 0 | E96: 0 | F96: 0 | G96: 3 | H96: 0 | I96: 3 | J96: 2 | K96: 5 | L96: 2 | M96: =SUM(D96:I96) -> 6 | N96: =((M96/C96)*100) -> 40 | O96: =SUM(D96:K96) -> 13 | P96: =((O96/C96)*100) -> 86.666667
A97: 8N | B97: Cg Yussof | C97: =SUM(D97:L97) -> 12 | D97: {=TRANSPOSE([16]MASTER!$BJ$26:$BJ$34)} -> 0 | E97: 0 | F97: 0 | G97: 0 | H97: 1 | I97: 2 | J97: 2 | K97: 1 | L97: 6 | M97: =SUM(D97:I97) -> 3 | N97: =((M97/C97)*100) -> 25 | O97: =SUM(D97:K97) -> 6 | P97: =((O97/C97)*100) -> 50
B98: Overall | C98: =SUM(C90:C97) -> 163 | D98: =SUM(D90:D97) -> 1 | E98: =SUM(E90:E97) -> 22 | F98: =SUM(F90:F97) -> 20 | G98: =SUM(G90:G97) -> 29 | H98: =SUM(H90:H97) -> 12 | I98: =SUM(I90:I97) -> 25 | J98: =SUM(J90:J97) -> 28 | ... L98: =SUM(L90:L97) -> 13 | M98: =SUM(D98:I98) -> 109 | N98: =((M98/C98)*100) -> 66.871166 | O98: =SUM(D98:K98) -> 150 | P98: =((O98/C98)*100) -> 92.02454
A100: DRAMA
D101: Distinction | F101: Credit | J101: Pass | L101: Fail
A102: Class | B102: Taught By | C102: Total | D102: A* | E102: A2 | F102: B3 | G102: B4 | H102: C5 | I102: C6 | J102: D7 | K102: E8 | L102: U | M102: Total 1-6 | N102: % 1-6 | O102: Total 1-8 | P102: % 1-8
A103: 8C | B103: Cg. Jalilah | C103: =SUM(D103:L103) -> 20 | D103: {=TRANSPOSE([9]MASTER!$CB$34:$CB$42)} -> 15 | E103: 5 | F103: 0 | G103: 0 | H103: 0 | I103: 0 | J103: 0 | K103: 0 | L103: 0 | M103: =SUM(D103:I103) -> 20 | N103: =((M103/C103)*100) -> 100 | O103: =SUM(D103:K103) -> 20 | P103: =((O103/C103)*100) -> 100
A104: 8H | B104: Cg. Jalilah | C104: =SUM(D104:L104) -> 20 | D104: {=TRANSPOSE([12]MASTER!$CB$34:$CB$42)} -> 11 | E104: 9 | F104: 0 | G104: 0 | H104: 0 | I104: 0 | J104: 0 | K104: 0 | L104: 0 | M104: =SUM(D104:I104) -> 20 | N104: =((M104/C104)*100) -> 100 | O104: =SUM(D104:K104) -> 20 | P104: =((O104/C104)*100) -> 100
B105: Overall | C105: =SUM(C103:C104) -> 40 | D105: =SUM(D103:D104) -> 26 | E105: =SUM(E103:E104) -> 14 | F105: =SUM(F103:F104) -> 0 | G105: =SUM(G103:G104) -> 0 | H105: =SUM(H103:H104) -> 0 | I105: =SUM(I103:I104) -> 0 | J105: =SUM(J103:J104) -> 0 | ... L105: =SUM(L103:L104) -> 0 | M105: =SUM(D105:I105) -> 40 | N105: =((M105/C105)*100) -> 100 | O105: =SUM(D105:K105) -> 40 | P105: =((O105/C105)*100) -> 100
A108: OVERALL PERFORMANCES
D110: Distinction | F110: Credit | J110: Pass | L110: Fail
A111: Subject | C111: Total | D111: A* | E111: A2 | F111: B3 | G111: B4 | H111: C5 | I111: C6 | J111: D7 | K111: E8 | L111: U | M111: Total 1-6 | N111: % 1-6 | O111: Total 1-8 | P111: % 1-8
...

Sheet SPA CHART
A1: PERCENTAGE OBTAINING 1-6 AND 1-8 IN SPA
A3: Subjects | B3: % 1-6 | C3: % 1-8
A4: Bahasa Melayu | B4: ='YEAR 8 SPA'!N112 -> 76.07362 | C4: ='YEAR 8 SPA'!P112 -> 90.797546
A5: English Language | B5: ='YEAR 8 SPA'!N113 -> 85.430464 | C5: ='YEAR 8 SPA'!P113 -> 99.337748
A6: I.R.K | B6: ='YEAR 8 SPA'!N114 -> 62.576687 | C6: ='YEAR 8 SPA'!P114 -> 83.435583
A7: Social Studies | B7: ='YEAR 8 SPA'!N115 -> 69.93865 | C7: ='YEAR 8 SPA'!P115 -> 91.411043
A8: Mathematics | B8: ='YEAR 8 SPA'!N116 -> 31.90184 | C8: ='YEAR 8 SPA'!P116 -> 64.417178
A9: Science | B9: ='YEAR 8 SPA'!N117 -> 27.607362 | C9: ='YEAR 8 SPA'!P117 -> 69.93865
A10: Bahasa Arab | B10: ='YEAR 8 SPA'!N118 -> 59.52381 | C10: ='YEAR 8 SPA'!P118 -> 83.333333
A11: Drama | B11: ='YEAR 8 SPA'!$N$105 -> 100 | C11: ='YEAR 8 SPA'!$P$119 -> 100
A12: Melayu Islam Beraja | B12: ='YEAR 8 SPA'!N120 -> 74.846626 | C12: ='YEAR 8 SPA'!P120 -> 89.570552

Sheet 3'O' and 5'O' & above (SPA)
A1: YEAR 8, STUDENT PROGRESS ASSESSMENT (SPA) 2024
B3: No. of Candidates | C3: No. of Credits Obtained | L3: 5 'O' & above | N3: 3 'O' & above
C4: 8 | D4: 7 | E4: 6 | F4: 5 | G4: 4 | H4: 3 | I4: 2 | J4: 1 | K4: 0 | L4: No. of Candidates | M4: % | N4: No. of Candidates | O4: %
A5: 8C | B5: =SUM(C5:K5) -> 20 | C5: {=TRANSPOSE([1]MASTER!$DA$36:$DA$44)} -> 13 | D5: 6 | E5: 1 | F5: 0 | G5: 0 | H5: 0 | I5: 0 | J5: 0 | K5: 0 | L5: =SUM(C5:F5) -> 20 | M5: =L5/B5 -> 1 | N5: =SUM(C5:H5) -> 20 | O5: =N5/B5 -> 1
A6: 8H | B6: =SUM(C6:K6) -> 20 | C6: {=TRANSPOSE([2]MASTER!$CY$36:$CY$44)} -> 14 | D6: 1 | E6: 3 | F6: 1 | G6: 1 | H6: 0 | I6: 0 | J6: 0 | K6: 0 | L6: =SUM(C6:F6) -> 19 | M6: =L6/B6 -> 0.95 | N6: =SUM(C6:H6) -> 20 | O6: =N6/B6 -> 1
A7: 8A | B7: =SUM(C7:K7) -> 23 | C7: {=TRANSPOSE([3]MASTER!$CY$51:$CY$59)} -> 2 | D7: 9 | E7: 8 | F7: 2 | G7: 2 | H7: 0 | I7: 0 | J7: 0 | K7: 0 | L7: =SUM(C7:F7) -> 21 | M7: =L7/B7 -> 0.91304348 | N7: =SUM(C7:H7) -> 23 | O7: =N7/B7 -> 1
A8: 8M | B8: =SUM(C8:K8) -> 24 | C8: {=TRANSPOSE([4]MASTER!$CY$58:$CY$66)} -> 2 | D8: 1 | E8: 7 | F8: 6 | G8: 7 | H8: 0 | I8: 0 | J8: 1 | K8: 0 | L8: =SUM(C8:F8) -> 16 | M8: =L8/B8 -> 0.66666667 | N8: =SUM(C8:H8) -> 23 | O8: =N8/B8 -> 0.95833333
A9: 8P | B9: =SUM(C9:K9) -> 25 | C9: {=TRANSPOSE([5]MASTER!$DB$46:$DB$54)} -> 0 | D9: 3 | E9: 4 | F9: 2 | G9: 6 | H9: 4 | I9: 2 | J9: 4 | K9: 0 | L9: =SUM(C9:F9) -> 9 | M9: =L9/B9 -> 0.36 | N9: =SUM(C9:H9) -> 19 | O9: =N9/B9 -> 0.76
A10: 8I | B10: =SUM(C10:K10) -> 24 | C10: =[6]MASTER!$DA$58 -> 0 | D10: =[6]MASTER!$DA$59 -> 0 | E10: =[6]MASTER!$DA$60 -> 2 | F10: =[6]MASTER!$DA$61 -> 6 | G10: =[6]MASTER!$DA$62 -> 4 | H10: =[6]MASTER!$DA$63 -> 5 | I10: =[6]MASTER!$DA$64 -> 6 | J10: =[6]MASTER!$DA$65 -> 1 | K10: =[6]MASTER!$DA$66 -> 0 | L10: =SUM(C10:F10) -> 8 | M10: =L10/B10 -> 0.33333333 | N10: =SUM(C10:H10) -> 17 | O10: =N10/B10 -> 0.70833333
A11: 8O | B11: =SUM(C11:K11) -> 15 | C11: =[7]MASTER!$DA$31 -> 0 | D11: =[7]MASTER!$DA$32 -> 0 | E11: =[7]MASTER!$DA$33 -> 0 | F11: =[7]MASTER!$DA$34 -> 1 | G11: =[7]MASTER!$DA$35 -> 2 | H11: =[7]MASTER!$DA$36 -> 1 | I11: =[7]MASTER!$DA$37 -> 2 | J11: =[7]MASTER!$DA$38 -> 6 | K11: =[7]MASTER!$DA$39 -> 3 | L11: =SUM(C11:F11) -> 1 | M11: =L11/B11 -> 0.066666667 | N11: =SUM(C11:H11) -> 4 | O11: =N11/B11 -> 0.26666667
A12: 8N | B12: =SUM(C12:K12) -> 12 | C12: =[8]MASTER!$DA$28 -> 0 | D12: =[8]MASTER!$DA$29 -> 0 | E12: =[8]MASTER!$DA$30 -> 0 | F12: =[8]MASTER!$DA$31 -> 0 | G12: =[8]MASTER!$DA$32 -> 0 | H12: =[8]MASTER!$DA$33 -> 0 | I12: =[8]MASTER!$DA$34 -> 2 | J12: =[8]MASTER!$DA$35 -> 2 | K12: =[8]MASTER!$DA$36 -> 8 | L12: =SUM(C12:F12) -> 0 | M12: =L12/B12 -> 0 | N12: =SUM(C12:H12) -> 0 | O12: =N12/B12 -> 0
A13: Total No. of Candidates | B13: =SUM(B5:B12) -> 163 | C13: =SUM(C5:C12) -> 31 | D13: =SUM(D5:D12) -> 20 | E13: =SUM(E5:E12) -> 25 | F13: =SUM(F5:F12) -> 18 | G13: =SUM(G5:G12) -> 22 | H13: =SUM(H5:H12) -> 10 | I13: =SUM(I5:I12) -> 12 | ... L13: =SUM(L5:L12) -> 94 | M13: =L13/B13 -> 0.57668712 | N13: =M13/C13 -> 0.01860281 | O13: =N13/B13 -> 0.00011412767
A15: % obtained 5'O' & above | B15: =$M$13 -> 0.57668712
A16: % obtained 3'O' & above | B16: =$O$13 -> 0.00011412767

Sheet No.of Credits Attained (SPA)
A1: YEAR 8, STUDENT PROGRESS ASSESSMENT (SPA) 2024
A3: No. Of Candidate Registered | E3: 200
A4: No. Of Candidate Sitting | E4: ='3''O'' and 5''O'' & above (SPA)'!$B$13 -> 163
A5: Withdrawn | E5: 0
A7: Credit Attained | B7: No. Of Student | D7: %
A8: 8 | B8: ='3''O'' and 5''O'' & above (SPA)'!$C$13 -> 31 | D8: =B8/B17 -> 0.19018405
A9: 7 | B9: ='3''O'' and 5''O'' & above (SPA)'!$D$13 -> 20 | D9: =B9/B17 -> 0.12269939
A10: 6 | B10: ='3''O'' and 5''O'' & above (SPA)'!$E$13 -> 25 | D10: =B10/B17 -> 0.15337423
A11: 5 | B11: ='3''O'' and 5''O'' & above (SPA)'!$F$13 -> 18 | D11: =B11/B17 -> 0.11042945
A12: 4 | B12: ='3''O'' and 5''O'' & above (SPA)'!$G$13 -> 22 | D12: =B12/B17 -> 0.13496933
A13: 3 | B13: ='3''O'' and 5''O'' & above (SPA)'!$H$13 -> 10 | D13: =B13/B17 -> 0.061349693
A14: 2 | B14: ='3''O'' and 5''O'' & above (SPA)'!$I$13 -> 12 | D14: =B14/B17 -> 0.073619632
A15: 1 | B15: ='3''O'' and 5''O'' & above (SPA)'!$J$13 -> 14 | D15: =B15/B17 -> 0.085889571
A16: 0 | B16: ='3''O'' and 5''O'' & above (SPA)'!$K$13 -> 11 | D16: =B16/B17 -> 0.067484663
A17: Total | B17: =SUM(B8:C16) -> 163
C20: No. of Student | D20: %
A21: 3 or more Credits | C21: =SUM(B8:C13) -> 126 | D21: =C21/B17 -> 0.77300613
A22: 4 or more Credits | C22: =SUM(B8:C12) -> 116 | D22: =C22/B17 -> 0.71165644
A23: 5 or more Credits | C23: =SUM(B8:C11) -> 94 | D23: =C23/B17 -> 0.57668712

Sheet class avg
A2: Class + No of stdn | B2: Class Avg
A3: 10Sci1
A4: 11Sci2
A5: 11Sci3
A6: 11P
A7: 11E
A8: 11A
A9: 11R
A10: 11L

Sheet By Class
A2: Menengah 4A
D3: Distinction | F3: Credit | J3: Pass | L3: Fail
A4: Subjects | B4: Taught By | C4: Total | D4: 1 | E4: 2 | F4: 3 | G4: 4 | H4: 5 | I4: 6 | J4: 7 | K4: 8 | L4: 9 | M4: Total 1-6 | N4: % 1-6 | O4: Total 1-8 | P4: % 1-8
A5: B.Melayu | N5: =((M5/C5)*100) -> #DIV/0! | O5: =SUM(D5:K5) -> 0 | P5: =((O5/C5)*100) -> #DIV/0!
A6: English | N6: =((M6/C6)*100) -> #DIV/0! | O6: =SUM(D6:K6) -> 0 | P6: =((O6/C6)*100) -> #DIV/0!
A7: Maths | N7: =((M7/C7)*100) -> #DIV/0! | O7: =SUM(D7:K7) -> 0 | P7: =((O7/C7)*100) -> #DIV/0!
A8: Add Maths | N8: =((M8/C8)*100) -> #DIV/0! | O8: =SUM(D8:K8) -> 0 | P8: =((O8/C8)*100) -> #DIV/0!
A9: Physics | N9: =((M9/C9)*100) -> #DIV/0! | O9: =SUM(D9:K9) -> 0 | P9: =((O9/C9)*100) -> #DIV/0!
A10: Chemistry | N10: =((M10/C10)*100) -> #DIV/0! | O10: =SUM(D10:K10) -> 0 | P10: =((O10/C10)*100) -> #DIV/0!
A11: Biology | N11: =((M11/C11)*100) -> #DIV/0! | O11: =SUM(D11:K11) -> 0 | P11: =((O11/C11)*100) -> #DIV/0!
A12: Geography | N12: =((M12/C12)*100) -> #DIV/0! | O12: =SUM(D12:K12) -> 0 | P12: =((O12/C12)*100) -> #DIV/0!
A13: Computer | N13: =((M13/C13)*100) -> #DIV/0! | O13: =SUM(D13:K13) -> 0 | P13: =((O13/C13)*100) -> #DIV/0!
N14: =AVERAGE(N5:N13) -> #DIV/0! | P14: =AVERAGE(P5:P13) -> #DIV/0!
A16: Menengah 4B
D17: Distinction | F17: Credit | J17: Pass | L17: Fail
A18: Subjects | B18: Taught By | C18: Total | D18: 1 | E18: 2 | F18: 3 | G18: 4 | H18: 5 | I18: 6 | J18: 7 | K18: 8 | L18: 9 | M18: Total 1-6 | N18: % 1-6 | O18: Total 1-8 | P18: % 1-8
A19: B.Melayu | N19: =((M19/C19)*100) -> #DIV/0! | O19: =SUM(D19:K19) -> 0 | P19: =((O19/C19)*100) -> #DIV/0!
A20: English | N20: =((M20/C20)*100) -> #DIV/0! | O20: =SUM(D20:K20) -> 0 | P20: =((O20/C20)*100) -> #DIV/0!
A21: Maths | N21: =((M21/C21)*100) -> #DIV/0! | O21: =SUM(D21:K21) -> 0 | P21: =((O21/C21)*100) -> #DIV/0!
A22: Physics | N22: =((M22/C22)*100) -> #DIV/0! | O22: 10 | P22: =((O22/C22)*100) -> #DIV/0!
A23: Chemistry | N23: =((M23/C23)*100) -> #DIV/0! | O23: 10 | P23: =((O23/C23)*100) -> #DIV/0!
A24: Biology | N24: =((M24/C24)*100) -> #DIV/0! | O24: 19 | P24: =((O24/C24)*100) -> #DIV/0!
A25: Geography | N25: =((M25/C25)*100) -> #DIV/0! | O25: 19 | P25: =((O25/C25)*100) -> #DIV/0!
A26: Economics | N26: =((M26/C26)*100) -> #DIV/0! | O26: 3 | P26: =((O26/C26)*100) -> #DIV/0!
A27: Computer | N27: =((M27/C27)*100) -> #DIV/0! | O27: 2 | P27: =((O27/C27)*100) -> #DIV/0!
A28: POA | N28: =((M28/C28)*100) -> #DIV/0! | O28: 12 | P28: =((O28/C28)*100) -> #DIV/0!
N29: =AVERAGE(N19:N28) -> #DIV/0! | P29: =AVERAGE(P19:P28) -> #DIV/0!
A31: Menengah 4C
D32: Distinction | F32: Credit | J32: Pass | L32: Fail
A33: Subjects | B33: Taught By | C33: Total | D33: 1 | E33: 2 | F33: 3 | G33: 4 | H33: 5 | I33: 6 | J33: 7 | K33: 8 | L33: 9 | M33: Total 1-6 | N33: % 1-6 | O33: Total 1-8 | P33: % 1-8
A34: B.Melayu | N34: =((M34/C34)*100) -> #DIV/0! | O34: 18 | P34: =((O34/C34)*100) -> #DIV/0!
A35: English | N35: =((M35/C35)*100) -> #DIV/0! | O35: 15 | P35: =((O35/C35)*100) -> #DIV/0!
A36: Maths | N36: =((M36/C36)*100) -> #DIV/0! | O36: 9 | P36: =((O36/C36)*100) -> #DIV/0!
A37: Comb Sc | N37: =((M37/C37)*100) -> #DIV/0! | O37: 6 | P37: =((O37/C37)*100) -> #DIV/0!
A38: Geography | N38: =((M38/C38)*100) -> #DIV/0! | O38: 7 | P38: =((O38/C38)*100) -> #DIV/0!
A39: History | N39: =((M39/C39)*100) -> #DIV/0! | O39: 14 | P39: =((O39/C39)*100) -> #DIV/0!
A40: IRK | N40: =((M40/C40)*100) -> #DIV/0! | O40: 16 | P40: =((O40/C40)*100) -> #DIV/0!
A41: Commerce | N41: =((M41/C41)*100) -> #DIV/0! | O41: 14 | P41: =((O41/C41)*100) -> #DIV/0!
A42: Agr Sc | N42: =((M42/C42)*100) -> #DIV/0! | O42: 2 | P42: =((O42/C42)*100) -> #DIV/0!
N43: =AVERAGE(N34:N42) -> #DIV/0! | P43: =AVERAGE(P34:P42) -> #DIV/0!
A45: Menengah 4D
D46: Distinction | F46: Credit | J46: Pass | L46: Fail
A47: Subjects | B47: Taught By | C47: Total | D47: 1 | E47: 2 | F47: 3 | G47: 4 | H47: 5 | I47: 6 | J47: 7 | K47: 8 | L47: 9 | M47: Total 1-6 | N47: % 1-6 | O47: Total 1-8 | P47: % 1-8
A48: B.Melayu | N48: =((M48/C48)*100) -> #DIV/0! | O48: 24 | P48: =((O48/C48)*100) -> #DIV/0!
A49: English | N49: =((M49/C49)*100) -> #DIV/0! | O49: 20 | P49: =((O49/C49)*100) -> #DIV/0!
A50: Maths | N50: =((M50/C50)*100) -> #DIV/0! | O50: 5 | P50: =((O50/C50)*100) -> #DIV/0!
A51: Comb Sc | N51: =((M51/C51)*100) -> #DIV/0! | O51: 10 | P51: =((O51/C51)*100) -> #DIV/0!
A52: Geography | N52: =((M52/C52)*100) -> #DIV/0! | O52: 12 | P52: =((O52/C52)*100) -> #DIV/0!
A53: History | N53: =((M53/C53)*100) -> #DIV/0! | O53: 13 | P53: =((O53/C53)*100) -> #DIV/0!
A54: IRK | N54: =((M54/C54)*100) -> #DIV/0! | O54: 22 | P54: =((O54/C54)*100) -> #DIV/0!
A55: Art | N55: =((M55/C55)*100) -> #DIV/0! | O55: 10 | P55: =((O55/C55)*100) -> #DIV/0!
A56: POA | N56: =((M56/C56)*100) -> #DIV/0! | O56: 8 | P56: =((O56/C56)*100) -> #DIV/0!
N57: =AVERAGE(N48:N56) -> #DIV/0! | P57: =AVERAGE(P48:P56) -> #DIV/0!
A59: Menengah 4E
D60: Distinction | F60: Credit | J60: Pass | L60: Fail
A61: Subjects | B61: Taught By | C61: Total | D61: 1 | E61: 2 | F61: 3 | G61: 4 | H61: 5 | I61: 6 | J61: 7 | K61: 8 | L61: 9 | M61: Total 1-6 | N61: % 1-6 | O61: Total 1-8 | P61: % 1-8
A62: B.Melayu | N62: =((M62/C62)*100) -> #DIV/0! | O62: 18 | P62: =((O62/C62)*100) -> #DIV/0!
A63: English | N63: =((M63/C63)*100) -> #DIV/0! | O63: 7 | P63: =((O63/C63)*100) -> #DIV/0!
A64: Maths | N64: =((M64/C64)*100) -> #DIV/0! | O64: 2 | P64: =((O64/C64)*100) -> #DIV/0!
A65: Comb Sc | N65: =((M65/C65)*100) -> #DIV/0! | O65: 1 | P65: =((O65/C65)*100) -> #DIV/0!
A66: Geography | N66: =((M66/C66)*100) -> #DIV/0! | O66: 9 | P66: =((O66/C66)*100) -> #DIV/0!
A67: IRK | N67: =((M67/C67)*100) -> #DIV/0! | O67: 15 | P67: =((O67/C67)*100) -> #DIV/0!
A68: Commerce | N68: =((M68/C68)*100) -> #DIV/0! | O68: 17 | P68: =((O68/C68)*100) -> #DIV/0!
A69: Sastera | N69: =((M69/C69)*100) -> #DIV/0! | O69: 17 | P69: =((O69/C69)*100) -> #DIV/0!
N70: =AVERAGE(N62:N69) -> #DIV/0! | P70: =AVERAGE(P62:P69) -> #DIV/0!
A72: Menengah 4F
D73: Distinction | F73: Credit | J73: Pass | L73: Fail
A74: Subjects | B74: Taught By | C74: Total | D74: 1 | E74: 2 | F74: 3 | G74: 4 | H74: 5 | I74: 6 | J74: 7 | K74: 8 | L74: 9 | M74: Total 1-6 | N74: % 1-6 | O74: Total 1-8 | P74: % 1-8
A75: B.Melayu | N75: =((M75/C75)*100) -> #DIV/0! | O75: 25 | P75: =((O75/C75)*100) -> #DIV/0!
A76: English | N76: =((M76/C76)*100) -> #DIV/0! | O76: 7 | P76: =((O76/C76)*100) -> #DIV/0!
A77: Maths | N77: =((M77/C77)*100) -> #DIV/0! | O77: 2 | P77: =((O77/C77)*100) -> #DIV/0!
A78: Comb Sc | N78: =((M78/C78)*100) -> #DIV/0! | O78: 9 | P78: =((O78/C78)*100) -> #DIV/0!
A79: Geography | N79: =((M79/C79)*100) -> #DIV/0! | O79: 3 | P79: =((O79/C79)*100) -> #DIV/0!
A80: IRK | N80: =((M80/C80)*100) -> #DIV/0! | O80: 24 | P80: =((O80/C80)*100) -> #DIV/0!
A81: POA | N81: =((M81/C81)*100) -> #DIV/0! | O81: 2 | P81: =((O81/C81)*100) -> #DIV/0!
A82: Sastera | N82: =((M82/C82)*100) -> #DIV/0! | O82: 24 | P82: =((O82/C82)*100) -> #DIV/0!
N83: =AVERAGE(N75:N82) -> #DIV/0! | P83: =AVERAGE(P75:P82) -> #DIV/0!
A86: Menengah 4G
D87: Distinction | F87: Credit | J87: Pass | L87: Fail
A88: Subjects | B88: Taught By | C88: Total | D88: 1 | E88: 2 | F88: 3 | G88: 4 | H88: 5 | I88: 6 | J88: 7 | K88: 8 | L88: 9 | M88: Total 1-6 | N88: % 1-6 | O88: Total 1-8 | P88: % 1-8
A89: B.Melayu | N89: =((M89/C89)*100) -> #DIV/0! | O89: 15 | P89: =((O89/C89)*100) -> #DIV/0!
A90: English | N90: =((M90/C90)*100) -> #DIV/0! | O90: 1 | P90: =((O90/C90)*100) -> #DIV/0!
A91: Maths | N91: =((M91/C91)*100) -> #DIV/0! | O91: 1 | P91: =((O91/C91)*100) -> #DIV/0!
A92: Comb Sc | N92: =((M92/C92)*100) -> #DIV/0! | O92: 0 | P92: =((O92/C92)*100) -> #DIV/0!
A93: Art | N93: =((M93/C93)*100) -> #DIV/0! | O93: 15 | P93: =((O93/C93)*100) -> #DIV/0!
A94: IRK | N94: =((M94/C94)*100) -> #DIV/0! | O94: 12 | P94: =((O94/C94)*100) -> #DIV/0!
A95: Sastera | N95: =((M95/C95)*100) -> #DIV/0! | O95: 13 | P95: =((O95/C95)*100) -> #DIV/0!
N96: =AVERAGE(N89:N95) -> #DIV/0! | P96: =AVERAGE(P89:P95) -> #DIV/0!
A99: Menengah 4H
D100: Distinction | F100: Credit | J100: Pass | L100: Fail
A101: Subjects | B101: Taught By | C101: Total | D101: 1 | E101: 2 | F101: 3 | G101: 4 | H101: 5 | I101: 6 | J101: 7 | K101: 8 | L101: 9 | M101: Total 1-6 | N101: % 1-6 | O101: Total 1-8 | P101: % 1-8
A102: B.Melayu | N102: =((M102/C102)*100) -> #DIV/0! | O102: 16 | P102: =((O102/C102)*100) -> #DIV/0!
A103: English | N103: =((M103/C103)*100) -> #DIV/0! | O103: 6 | P103: =((O103/C103)*100) -> #DIV/0!
A104: Maths | N104: =((M104/C104)*100) -> #DIV/0! | O104: 0 | P104: =((O104/C104)*100) -> #DIV/0!
A105: Comb Sc | N105: =((M105/C105)*100) -> #DIV/0! | O105: 0 | P105: =((O105/C105)*100) -> #DIV/0!
A106: Art | N106: =((M106/C106)*100) -> #DIV/0! | O106: 16 | P106: =((O106/C106)*100) -> #DIV/0!
A107: IRK | N107: =((M107/C107)*100) -> #DIV/0! | O107: 11 | P107: =((O107/C107)*100) -> #DIV/0!
A108: Sastera | N108: =((M108/C108)*100) -> #DIV/0! | O108: 12 | P108: =((O108/C108)*100) -> #DIV/0!
N109: =AVERAGE(N102:N108) -> #DIV/0! | P109: =AVERAGE(P102:P108) -> #DIV/0!
D115: Distinction | F115: Credit | J115: Pass | L115: Fail
...
