Workbook

Sheet ANALYSIS BY SUBJECTS
A1: BAHASA MELAYU (1201)
D2: Distinction | F2: Credit | J2: Pass | L2: Fail
A3: Class | B3: Taught By | C3: Total | D3: A* | E3: A2 | F3: B3 | G3: B4 | H3: C5 | I3: C6 | J3: D7 | K3: E8 | L3: U | M3: Total 1-6 | N3: % 1-6 | O3: Total 1-8 | P3: % 1-8
A4: 10SCI2 | B4: Cg Amalina | C4: =SUM(D4:L4) -> 21 | D4: {=TRANSPOSE([1]Master!$G$47:$G$55)} -> 0 | E4: 0 | F4: 2 | G4: 2 | H4: 3 | I4: 3 | J4: 8 | K4: 3 | L4: 0 | M4: =SUM(D4:I4) -> 10 | N4: =((M4/C4)*100) -> 47.619048 | O4: =SUM(D4:K4) -> 21 | P4: =((O4/C4)*100) -> 100
A5: 10SCI3 | B5: Cg Haji Habil | C5: =SUM(D5:L5) -> 14 | D5: {=TRANSPOSE([2]Master!$J$47:$J$55)} -> 0 | E5: 2 | F5: 4 | G5: 5 | H5: 3 | I5: 0 | J5: 0 | K5: 0 | L5: 0 | M5: =SUM(D5:I5) -> 14 | N5: =((M5/C5)*100) -> 100 | O5: =SUM(D5:K5) -> 14 | P5: =((O5/C5)*100) -> 100
A6: 10P | B6: Cg Amalina | C6: =SUM(D6:L6) -> 24 | D6: {=TRANSPOSE([3]Master!$J$46:$J$54)} -> 0 | E6: 0 | F6: 0 | G6: 0 | H6: 0 | I6: 4 | J6: 11 | K6: 6 | L6: 3 | M6: =SUM(D6:I6) -> 4 | N6: =((M6/C6)*100) -> 16.666667 | O6: =SUM(D6:K6) -> 21 | P6: =((O6/C6)*100) -> 87.5
A7: 10R | B7: Cg Haji Habil | C7: =SUM(D7:L7) -> 23 | D7: {=TRANSPOSE([4]Master!$I$47:$I$55)} -> 0 | E7: 0 | F7: 2 | G7: 13 | H7: 4 | I7: 3 | J7: 0 | K7: 1 | L7: 0 | M7: =SUM(D7:I7) -> 22 | N7: =((M7/C7)*100) -> 95.652174 | O7: =SUM(D7:K7) -> 23 | P7: =((O7/C7)*100) -> 100
A8: 10I | B8: Cg Hjh Nooraini | C8: =SUM(D8:L8) -> 26 | D8: {=TRANSPOSE([12]Master!$J$47:$J$55)} -> 0 | E8: 0 | F8: 1 | G8: 1 | H8: 2 | I8: 6 | J8: 11 | K8: 4 | L8: 1 | M8: =SUM(G9:L9) -> 21 | N8: =((M8/C8)*100) -> 80.769231 | O8: =SUM(F8:L8) -> 26 | P8: =((O8/C8)*100) -> 100
A9: 10M | B9: Cg Hjh Nooraini | C9: =SUM(D9:L9) -> 21 | D9: {=TRANSPOSE([13]Master!$I$47:$I$55)} -> 0 | E9: 0 | F9: 0 | G9: 0 | H9: 1 | I9: 0 | J9: 7 | K9: 5 | L9: 8 | M9: =SUM(G10:L10) -> 20 | N9: =((M9/C9)*100) -> 95.238095 | O9: =SUM(G10:L10) -> 20 | P9: =((O9/C9)*100) -> 95.238095
A10: 10E | B10: Cg Amalina | C10: =SUM(D10:L10) -> 20 | D10: {=TRANSPOSE([14]Master!$J$47:$J$55)} -> 0 | E10: 0 | F10: 0 | G10: 0 | H10: 1 | I10: 2 | J10: 4 | K10: 7 | L10: 6 | M10: =SUM(D10:F10) -> 0 | N10: =((M10/C10)*100) -> 0 | O10: =SUM(D10:F10) -> 0 | P10: =((O10/C10)*100) -> 0
B11: Overall | C11: =SUM(C4:C10) -> 149 | D11: =SUM(D4:D10) -> 0 | E11: =SUM(E4:E10) -> 2 | F11: =SUM(F4:F10) -> 9 | G11: =SUM(G4:G10) -> 21 | H11: =SUM(H4:H10) -> 14 | I11: =SUM(I4:I10) -> 18 | J11: =SUM(J4:J10) -> 41 | ... M11: =SUM(M4:M10) -> 91 | N11: =((M11/C11)*100) -> 61.073826 | O11: =SUM(O4:O10) -> 125 | P11: =((O11/C11)*100) -> 83.892617
A13: SASTERA (2023)
D14: Distinction | F14: Credit | J14: Pass | L14: Fail
A15: Class | B15: Taught By | C15: Total | D15: A* | E15: A2 | F15: B3 | G15: B4 | H15: C5 | I15: C6 | J15: D7 | K15: E8 | L15: U | M15: Total 1-6 | N15: % 1-6 | O15: Total 1-8 | P15: % 1-8
A16: 10M | B16: Cg Ummi Sahirah | C16: =SUM(D16:L16) -> 21 | D16: {=TRANSPOSE([13]Master!$AG$47:$AG$55)} -> 0 | E16: 0 | F16: 2 | G16: 1 | H16: 5 | I16: 2 | J16: 8 | K16: 0 | L16: 3 | M16: =SUM(D16:I16) -> 10 | N16: =((M16/C16)*100) -> 47.619048 | O16: =SUM(D16:K16) -> 18 | P16: =((O16/C16)*100) -> 85.714286
A17: 10E | B17: Cg Ummi Sahirah | C17: =SUM(D17:L17) -> 20 | D17: {=TRANSPOSE([14]Master!$Y$47:$Y$55)} -> 0 | E17: 3 | F17: 2 | G17: 0 | H17: 5 | I17: 3 | J17: 5 | K17: 0 | L17: 2 | M17: =SUM(D17:I17) -> 13 | N17: =((M17/C17)*100) -> 65 | O17: =SUM(D17:K17) -> 18 | P17: =((O17/C17)*100) -> 90
B18: Overall | C18: =SUM(C16:C17) -> 41 | D18: =SUM(D16:D17) -> 0 | E18: =SUM(E16:E17) -> 3 | F18: =SUM(F16:F17) -> 4 | G18: =SUM(G16:G17) -> 1 | H18: =SUM(H16:H17) -> 10 | I18: =SUM(I16:I17) -> 5 | J18: =SUM(J16:J17) -> 13 | ... M18: =SUM(M16:M17) -> 23 | N18: =((M18/C18)*100) -> 56.097561 | O18: =SUM(O16:O17) -> 36 | P18: =((O18/C18)*100) -> 87.804878
A20: ENGLISH LANGUAGE (1120)
D21: Distinction | F21: Credit | J21: Pass | L21: Fail
A22: Class | B22: Taught By | C22: Total | D22: A* | E22: A2 | F22: B3 | G22: B4 | H22: C5 | I22: C6 | J22: D7 | K22: E8 | L22: U | M22: Total 1-6 | N22: % 1-6 | O22: Total 1-8 | P22: % 1-8
A23: 10SCI2 | B23: Cg Ana | C23: =SUM(D23:L23) -> 21 | D23: {=TRANSPOSE([1]Master!$J$47:$J$55)} -> 0 | E23: 0 | F23: 0 | G23: 0 | H23: 7 | I23: 8 | J23: 6 | K23: 0 | L23: 0 | M23: =SUM(D23:I23) -> 15 | N23: =((M23/C23)*100) -> 71.428571 | O23: =SUM(D23:K23) -> 21 | P23: =((O23/C23)*100) -> 100
A24: 10SCI3 | B24: Cg Hjh Mariah | C24: =SUM(D24:L24) -> 14 | D24: {=TRANSPOSE([2]Master!$M$47:$M$55)} -> 0 | E24: 3 | F24: 3 | G24: 3 | H24: 3 | I24: 2 | J24: 0 | K24: 0 | L24: 0 | M24: =SUM(D24:I24) -> 14 | N24: =((M24/C24)*100) -> 100 | O24: =SUM(D24:K24) -> 14 | P24: =((O24/C24)*100) -> 100
A25: 10P | B25: Cg Suhaila | C25: =SUM(D25:L25) -> 24 | D25: {=TRANSPOSE([3]Master!$M$46:$M$54)} -> 0 | E25: 10 | F25: 3 | G25: 5 | H25: 5 | I25: 1 | J25: 0 | K25: 0 | L25: 0 | M25: =SUM(D25:I25) -> 24 | N25: =((M25/C25)*100) -> 100 | O25: =SUM(D25:K25) -> 24 | P25: =((O25/C25)*100) -> 100
A26: 10R | B26: Cg Hjh Mariah | C26: =SUM(D26:L26) -> 23 | D26: {=TRANSPOSE([4]Master!$L$47:$L$55)} -> 0 | E26: 2 | F26: 3 | G26: 4 | H26: 4 | I26: 5 | J26: 5 | K26: 0 | L26: 0 | M26: =SUM(D26:I26) -> 18 | N26: =((M26/C26)*100) -> 78.26087 | O26: =SUM(D26:K26) -> 23 | P26: =((O26/C26)*100) -> 100
A27: 10I | B27: Cg Norsuzilawati | C27: =SUM(D27:L27) -> 26 | D27: {=TRANSPOSE([12]Master!$M$47:$M$55)} -> 0 | E27: 0 | F27: 0 | G27: 0 | H27: 2 | I27: 2 | J27: 13 | K27: 7 | L27: 2 | M27: =SUM(D27:I27) -> 4 | N27: =((M27/C27)*100) -> 15.384615 | O27: =SUM(D27:K27) -> 24 | P27: =((O27/C27)*100) -> 92.307692
A28: 10M | B28: Cg Asfarina | C28: =SUM(D28:L28) -> 21 | D28: {=TRANSPOSE([13]Master!$L$47:$L$55)} -> 0 | E28: 1 | F28: 1 | G28: 1 | H28: 2 | I28: 4 | J28: 6 | K28: 4 | L28: 2 | M28: =SUM(D28:I28) -> 9 | N28: =((M28/C28)*100) -> 42.857143 | O28: =SUM(D28:K28) -> 19 | P28: =((O28/C28)*100) -> 90.47619
A29: 10E | B29: Cg Asfarina | C29: =SUM(D29:L29) -> 20 | D29: {=TRANSPOSE([14]Master!$M$47:$M$55)} -> 0 | E29: 0 | F29: 0 | G29: 0 | H29: 1 | I29: 3 | J29: 5 | K29: 3 | L29: 8 | M29: =SUM(D29:I29) -> 4 | N29: =((M29/C29)*100) -> 20 | O29: =SUM(D29:K29) -> 12 | P29: =((O29/C29)*100) -> 60
B30: Overall | C30: =SUM(C23:C29) -> 149 | D30: =SUM(D23:D29) -> 0 | E30: =SUM(E23:E29) -> 16 | F30: =SUM(F23:F29) -> 10 | G30: =SUM(G23:G29) -> 13 | H30: =SUM(H23:H29) -> 24 | I30: =SUM(I23:I29) -> 25 | J30: =SUM(J23:J29) -> 35 | ... M30: =SUM(M23:M29) -> 88 | N30: =((M30/C30)*100) -> 59.060403 | O30: =SUM(O23:O29) -> 137 | P30: =((O30/C30)*100) -> 91.946309
A32: MATHEMATICS D (4024)
D33: Distinction | F33: Credit | J33: Pass | L33: Fail
A34: Class | B34: Taught By | C34: Total | D34: A* | E34: A2 | F34: B3 | G34: B4 | H34: C5 | I34: C6 | J34: D7 | K34: E8 | L34: U | M34: Total 1-6 | N34: % 1-6 | O34: Total 1-8 | P34: % 1-8
A35: 10SCI2 | B35: Cg Iqzal | C35: =SUM(D35:L35) -> 21 | D35: {=TRANSPOSE([1]Master!$M$47:$M$55)} -> 0 | E35: 1 | F35: 0 | G35: 1 | H35: 0 | I35: 0 | J35: 6 | K35: 7 | L35: 6 | M35: =SUM(D35:I35) -> 2 | N35: =((M35/C35)*100) -> 9.5238095 | O35: =SUM(D35:K35) -> 15 | P35: =((O35/C35)*100) -> 71.428571
A36: 10SCI3 | B36: Cg Afifah | C36: =SUM(D36:L36) -> 14 | D36: {=TRANSPOSE([2]Master!$P$47:$P$55)} -> 0 | E36: 0 | F36: 0 | G36: 2 | H36: 1 | I36: 3 | J36: 5 | K36: 3 | L36: 0 | M36: =SUM(D36:I36) -> 6 | N36: =((M36/C36)*100) -> 42.857143 | O36: =SUM(D36:K36) -> 14 | P36: =((O36/C36)*100) -> 100
A37: 10P | B37: Cg Zunainah | C37: =SUM(D37:L37) -> 24 | D37: {=TRANSPOSE([3]Master!$M$46:$M$54)} -> 0 | E37: 10 | F37: 3 | G37: 5 | H37: 5 | I37: 1 | J37: 0 | K37: 0 | L37: 0 | M37: =SUM(D37:I37) -> 24 | N37: 0 | O37: =SUM(D37:K37) -> 24 | P37: 6.25
A38: 10R | B38: Cg Iqzal | C38: =SUM(D38:L38) -> 23 | D38: {=TRANSPOSE([4]Master!$O$47:$O$55)} -> 0 | E38: 0 | F38: 0 | G38: 0 | H38: 0 | I38: 0 | J38: 2 | K38: 2 | L38: 19 | M38: =SUM(D38:I38) -> 0 | N38: 0 | O38: =SUM(D38:K38) -> 4 | P38: 14.285714
A39: 10I | B39: Cg Afifah | C39: =SUM(D39:L39) -> 26 | D39: {=TRANSPOSE([12]Master!$P$47:$P$55)} -> 0 | E39: 0 | F39: 0 | G39: 0 | H39: 0 | I39: 0 | J39: 0 | K39: 2 | L39: 24 | M39: =SUM(D39:I39) -> 0 | N39: 0 | O39: =SUM(D39:K39) -> 2 | P39: 28.571429
B40: Overall | C40: =SUM(C35:C39) -> 108 | D40: =SUM(D35:D39) -> 0 | E40: =SUM(E35:E39) -> 11 | F40: =SUM(F35:F39) -> 3 | G40: =SUM(G35:G39) -> 8 | H40: =SUM(H35:H39) -> 6 | I40: =SUM(I35:I39) -> 4 | J40: =SUM(J35:J39) -> 13 | ... M40: =SUM(M35:M39) -> 32 | N40: =((M40/C40)*100) -> 29.62963 | O40: =SUM(O35:O39) -> 59 | P40: =((O40/C40)*100) -> 54.62963
A42: MATHEMATICS IGCSE - CORE (0580)
D43: GRADE
A44: Class | B44: Taught By | C44: Total | D44: C | E44: D | F44: E | G44: F | H44: G | I44: U | M44: Total C | N44: % C | O44: Total C-G | P44: % C-G
A45: 10M | B45: Cg Hjh Sofinah | C45: =SUM(D45:I45) -> 17 | D45: {=TRANSPOSE([13]Master!$O$47:$O$52)} -> 0 | E45: 4 | F45: 4 | G45: 5 | H45: 4 | I45: 0 | M45: =D46 -> 0 | N45: =((M45/C45)*100) -> 0 | O45: =SUM(D46:H46) -> 15 | P45: =((O45/C45)*100) -> 88.235294
A46: 10E | B46: Cg Hjh Sofinah | C46: =SUM(D46:I46) -> 20 | D46: {=TRANSPOSE([14]Master!$P$47:$P$52)} -> 0 | E46: 0 | F46: 6 | G46: 2 | H46: 7 | I46: 5 | M46: =D47 -> 0 | N46: =((M46/C46)*100) -> 0 | O46: =SUM(D47:H47) -> 15 | P46: =((O46/C46)*100) -> 75
B47: Overall | C47: =SUM(C45:C46) -> 37 | D47: =SUM(D46:D46) -> 0 | E47: =SUM(E46:E46) -> 0 | F47: =SUM(F46:F46) -> 6 | G47: =SUM(G46:G46) -> 2 | H47: =SUM(H46:H46) -> 7 | I47: =SUM(I46:I46) -> 5 | M47: =SUM(M45:M46) -> 0 | N47: =((M47/C47)*100) -> 0 | O47: =SUM(O45:O46) -> 30 | P47: =((O47/C47)*100) -> 81.081081
A49: PHYSICS (5054)
D50: Distinction | F50: Credit | J50: Pass | L50: Fail
A51: Class | B51: Taught By | C51: Total | D51: A* | E51: A2 | F51: B3 | G51: B4 | H51: C5 | I51: C6 | J51: D7 | K51: E8 | L51: U | M51: Total 1-6 | N51: % 1-6 | O51: Total 1-8 | P51: % 1-8
A52: 10SCI2 | B52: Cg Aqlan Chong | C52: =SUM(D52:L52) -> 21 | D52: {=TRANSPOSE([1]Master!$S$47:$S$55)} -> 0 | E52: 4 | F52: 0 | G52: 2 | H52: 4 | I52: 2 | J52: 5 | K52: 1 | L52: 3 | M52: =SUM(D52:I52) -> 12 | N52: =((M52/C52)*100) -> 57.142857 | O52: =SUM(D52:K52) -> 18 | P52: =((O52/C52)*100) -> 85.714286
A53: 10SCi3 | B53: Cg Aqlan Chong | C53: =SUM(D53:L53) -> 14 | D53: {=TRANSPOSE([2]Master!$V$47:$V$55)} -> 0 | E53: 0 | F53: 1 | G53: 1 | H53: 3 | I53: 2 | J53: 0 | K53: 0 | L53: 7 | M53: =SUM(D53:I53) -> 7 | N53: =((M53/C53)*100) -> 50 | O53: =SUM(D53:K53) -> 7 | P53: =((O53/C53)*100) -> 50
A54: 10P | B54: Cg Aqlan Chong | C54: =SUM(D54:L54) -> 19 | D54: {=TRANSPOSE([3]Master!$V$46:$V$54)} -> 0 | E54: 0 | F54: 1 | G54: 0 | H54: 1 | I54: 2 | J54: 2 | K54: 3 | L54: 10 | M54: =SUM(D54:I54) -> 4 | N54: =((M54/C54)*100) -> 21.052632 | O54: =SUM(D54:K54) -> 9 | P54: =((O54/C54)*100) -> 47.368421
B55: Overall | C55: =SUM(C52:C54) -> 54 | D55: =SUM(D52:D54) -> 0 | E55: =SUM(E52:E54) -> 4 | F55: =SUM(F52:F54) -> 2 | G55: =SUM(G52:G54) -> 3 | H55: =SUM(H52:H54) -> 8 | I55: =SUM(I52:I54) -> 6 | J55: =SUM(J52:J54) -> 7 | ... L55: =SUM(L52:L54) -> 20 | M55: =SUM(D55:I55) -> 23 | N55: =((M55/C55)*100) -> 42.592593 | O55: =SUM(D55:K55) -> 34 | P55: =((O55/C55)*100) -> 62.962963
A58: CHEMISTRY (5070)
D59: Distinction | F59: Credit | J59: Pass | L59: Fail
A60: Class | B60: Taught By | C60: Total | D60: A* | E60: A2 | F60: B3 | G60: B4 | H60: C5 | I60: C6 | J60: D7 | K60: E8 | L60: U | M60: Total 1-6 | N60: % 1-6 | O60: Total 1-8 | P60: % 1-8
A61: 10SCI2 | B61: Cg Aziemah | C61: =SUM(D61:L61) -> 21 | D61: {=TRANSPOSE([1]Master!$V$47:$V$55)} -> 1 | E61: 2 | F61: 3 | G61: 4 | H61: 2 | I61: 2 | J61: 2 | K61: 4 | L61: 1 | M61: =SUM(D61:I61) -> 14 | N61: =((M61/C61)*100) -> 66.666667 | O61: =SUM(D61:K61) -> 20 | P61: =((O61/C61)*100) -> 95.238095
A62: 10SCI3 | B62: Cg Aziemah | C62: =SUM(D62:L62) -> 16 | D62: {=TRANSPOSE([2]Master!$Y$47:$Y$55)} -> 0 | E62: 1 | F62: 0 | G62: 3 | H62: 2 | I62: 3 | J62: 4 | K62: 2 | L62: 1 | M62: =SUM(D62:I62) -> 9 | N62: =((M62/C62)*100) -> 56.25 | O62: =SUM(D62:K62) -> 15 | P62: =((O62/C62)*100) -> 93.75
A63: 10I | B63: Cg Siti Nurul Asyiken | C63: =SUM(D63:L63) -> 26 | D63: {=TRANSPOSE([12]Master!$V$47:$V$55)} -> 0 | E63: 0 | F63: 0 | G63: 0 | H63: 0 | I63: 0 | J63: 0 | K63: 3 | L63: 23 | M63: =SUM(D63:I63) -> 0 | N63: =((M63/C63)*100) -> 0 | O63: =SUM(D63:K63) -> 3 | P63: =((O63/C63)*100) -> 11.538462
B64: Overall | C64: =SUM(C61:C62) -> 37 | D64: =SUM(D61:D62) -> 1 | E64: =SUM(E61:E62) -> 3 | F64: =SUM(F61:F62) -> 3 | G64: =SUM(G61:G62) -> 7 | H64: =SUM(H61:H62) -> 4 | I64: =SUM(I61:I62) -> 5 | J64: =SUM(J61:J62) -> 6 | ... L64: =SUM(L61:L62) -> 2 | M64: =SUM(D64:I64) -> 23 | N64: =((M64/C64)*100) -> 62.162162 | O64: =SUM(O61:O62) -> 35 | P64: =((O64/C64)*100) -> 94.594595
A66: BIOLOGY (5090)
D67: Distinction | F67: Credit | J67: Pass | L67: Fail
A68: Class | B68: Taught By | C68: Total | D68: A* | E68: A2 | F68: B3 | G68: B4 | H68: C5 | I68: C6 | J68: D7 | K68: E8 | L68: U | M68: Total 1-6 | N68: % 1-6 | O68: Total 1-8 | P68: % 1-8
A69: 10SCI2 | B69: Cg Khairul Azmi | C69: =SUM(D69:L69) -> 21 | D69: {=TRANSPOSE([1]Master!$Y$47:$Y$55)} -> 0 | E69: 0 | F69: 2 | G69: 4 | H69: 1 | I69: 7 | J69: 4 | K69: 3 | L69: 0 | M69: =SUM(D69:I69) -> 14 | N69: =((M69/C69)*100) -> 66.666667 | O69: =SUM(D69:K69) -> 21 | P69: =((O69/C69)*100) -> 100
A70: 10SCI3 | B70: Cg Khairul Azmi | C70: =SUM(D70:L70) -> 14 | D70: {=TRANSPOSE([2]Master!$AB$47:$AB$55)} -> 0 | E70: 0 | F70: 1 | G70: 1 | H70: 2 | I70: 6 | J70: 0 | K70: 2 | L70: 2 | M70: =SUM(D70:I70) -> 10 | N70: =((M70/C70)*100) -> 71.428571 | O70: =SUM(D70:K70) -> 12 | P70: =((O70/C70)*100) -> 85.714286
A71: 10R | B71: Cg Khairul Azmi | C71: =SUM(D71:L71) -> 23 | D71: {=TRANSPOSE([4]Master!$U$47:$U$55)} -> 0 | E71: 0 | F71: 0 | G71: 0 | H71: 0 | I71: 1 | J71: 5 | K71: 4 | L71: 13 | M71: =SUM(D71:I71) -> 1 | N71: =((M71/C71)*100) -> 4.3478261 | O71: =SUM(D71:K71) -> 10 | P71: =((O71/C71)*100) -> 43.478261
B72: Overall | C72: =SUM(C69:C70) -> 35 | D72: =SUM(D69:D70) -> 0 | E72: =SUM(E69:E70) -> 0 | F72: =SUM(F69:F70) -> 3 | G72: =SUM(G69:G70) -> 5 | H72: =SUM(H69:H70) -> 3 | I72: =SUM(I69:I70) -> 13 | J72: =SUM(J69:J70) -> 4 | ... L72: =SUM(L69:L70) -> 2 | M72: =SUM(D72:I72) -> 24 | N72: =((M72/C72)*100) -> 68.571429 | O72: =SUM(D72:K72) -> 33 | P72: =((O72/C72)*100) -> 94.285714
A74: COMBINED SCIENCE (5129)
D75: Distinction | F75: Credit | J75: Pass | L75: Fail
A76: Class | B76: Taught By | C76: Total | D76: A* | E76: A2 | F76: B3 | G76: B4 | H76: C5 | I76: C6 | J76: D7 | K76: E8 | L76: U | M76: Total 1-6 | N76: % 1-6 | O76: Total 1-8 | P76: % 1-8
A77: 10M | B77: Cg Lina Hasrina | C77: =SUM(D77:L77) -> 21 | D77: {=TRANSPOSE([13]Master!$U$47:$U$55)} -> 0 | E77: 0 | F77: 0 | G77: 0 | H77: 1 | I77: 0 | J77: 1 | K77: 5 | L77: 14 | M77: =SUM(D77:I77) -> 1 | N77: =((M77/C77)*100) -> 4.7619048 | O77: =SUM(D77:K77) -> 7 | P77: =((O77/C77)*100) -> 33.333333
A78: 10E | B78: Cg Lina Hasrina | C78: =SUM(D78:L78) -> 20 | D78: {=TRANSPOSE([14]Master!$V$47:$V$55)} -> 0 | E78: 0 | F78: 0 | G78: 0 | H78: 0 | I78: 0 | J78: 0 | K78: 4 | L78: 16 | M78: =SUM(D78:I78) -> 0 | N78: =((M78/C78)*100) -> 0 | O78: =SUM(D78:K78) -> 4 | P78: =((O78/C78)*100) -> 20
B79: Overall | C79: =SUM(C77:C78) -> 41 | D79: =SUM(D77:D78) -> 0 | E79: =SUM(E77:E78) -> 0 | F79: =SUM(F77:F78) -> 0 | G79: =SUM(G77:G78) -> 0 | H79: =SUM(H77:H78) -> 1 | I79: =SUM(I77:I78) -> 0 | J79: =SUM(J77:J78) -> 1 | ... L79: =SUM(L77:L78) -> 30 | M79: =SUM(D79:I79) -> 1 | N79: =((M79/C79)*100) -> 2.4390244 | O79: =SUM(D79:K79) -> 11 | P79: =((O79/C79)*100) -> 26.829268
A81: GEOGRAPHY (2230)
D82: Distinction | F82: Credit | J82: Pass | L82: Fail
A83: Class | B83: Taught By | C83: Total | D83: A* | E83: A2 | F83: B3 | G83: B4 | H83: C5 | I83: C6 | J83: D7 | K83: E8 | L83: U | M83: Total 1-6 | N83: % 1-6 | O83: Total 1-8 | P83: % 1-8
A84: 10SCI3 | B84: Cg Mazlina | C84: =SUM(D84:L84) -> 14 | D84: {=TRANSPOSE([2]Master!$AH$47:$AH$55)} -> 0 | E84: 0 | F84: 0 | G84: 0 | H84: 0 | I84: 2 | J84: 3 | K84: 2 | L84: 7 | M84: =SUM(D84:I84) -> 2 | N84: =((M84/C84)*100) -> 14.285714 | O84: =SUM(D84:K84) -> 7 | P84: =((O84/C84)*100) -> 50
A85: 10R | B85: Cg Ezdiani | C85: =SUM(D85:L85) -> 23 | D85: {=TRANSPOSE([4]Master!$AA$47:$AA$55)} -> 0 | E85: 0 | F85: 0 | G85: 0 | H85: 0 | I85: 1 | J85: 9 | K85: 7 | L85: 6 | M85: =SUM(D85:I85) -> 1 | N85: =((M85/C85)*100) -> 4.3478261 | O85: =SUM(D85:K85) -> 17 | P85: =((O85/C85)*100) -> 73.913043
A86: 10I | B86: Cg Ezdiani | C86: =SUM(D86:L86) -> 26 | D86: {=TRANSPOSE([12]Master!$AE$47:$AE$55)} -> 0 | E86: 0 | F86: 0 | G86: 0 | H86: 1 | I86: 1 | J86: 1 | K86: 9 | L86: 14 | M86: =SUM(D86:I86) -> 2 | N86: =((M86/C86)*100) -> 7.6923077 | O86: =SUM(D86:K86) -> 12 | P86: =((O86/C86)*100) -> 46.153846
B87: Overall | C87: =SUM(C84:C86) -> 63 | D87: =SUM(D84:D86) -> 0 | E87: =SUM(E84:E86) -> 0 | F87: =SUM(F84:F86) -> 0 | G87: =SUM(G84:G86) -> 0 | H87: =SUM(H84:H86) -> 1 | I87: =SUM(I84:I86) -> 4 | J87: =SUM(J84:J86) -> 13 | ... M87: =SUM(M84:M86) -> 5 | N87: =((M87/C87)*100) -> 7.9365079 | O87: =SUM(O84:O86) -> 36 | P87: =((O87/C87)*100) -> 57.142857
A89: ISLAMIC RELIGIOUS KNOWLEDGE (2047)
D90: Distinction | F90: Credit | J90: Pass | L90: Fail
A91: Class | B91: Taught By | C91: Total | D91: A* | E91: A2 | F91: B3 | G91: B4 | H91: C5 | I91: C6 | J91: D7 | K91: E8 | L91: U | M91: Total 1-6 | N91: % 1-6 | O91: Total 1-8 | P91: % 1-8
A92: 10SCI2 | B92: Cg Noralam | C92: =SUM(D92:L92) -> 21 | D92: {=TRANSPOSE([1]Master!$P$47:$P$55)} -> 3 | E92: 4 | F92: 3 | G92: 2 | H92: 2 | I92: 2 | J92: 0 | K92: 4 | L92: 1 | M92: =SUM(D92:I92) -> 16 | N92: =((M92/C92)*100) -> 76.190476 | O92: =SUM(D92:K92) -> 20 | P92: =((O92/C92)*100) -> 95.238095
A93: 10SCi3 | B93: Ustazah Mardyana | C93: =SUM(D93:L93) -> 14 | D93: {=TRANSPOSE([2]Master!$S$47:$S$55)} -> 7 | E93: 5 | F93: 1 | G93: 0 | H93: 1 | I93: 0 | J93: 0 | K93: 0 | L93: 0 | M93: =SUM(D93:I93) -> 14 | N93: =((M93/C93)*100) -> 100 | O93: =SUM(D93:K93) -> 14 | P93: =((O93/C93)*100) -> 100
A94: 10P | B94: Cg Noralam | C94: =SUM(D94:L94) -> 24 | D94: {=TRANSPOSE([3]Master!$S$46:$S$54)} -> 0 | E94: 3 | F94: 3 | G94: 4 | H94: 3 | I94: 2 | J94: 5 | K94: 1 | L94: 3 | M94: =SUM(D94:I94) -> 15 | N94: =((M94/C94)*100) -> 62.5 | O94: =SUM(D94:K94) -> 21 | P94: =((O94/C94)*100) -> 87.5
A95: 10R | B95: Ustazah Mardyana | C95: =SUM(D95:L95) -> 22 | D95: {=TRANSPOSE([4]Master!$R$47:$R$55)} -> 0 | E95: 10 | F95: 3 | G95: 3 | H95: 0 | I95: 3 | J95: 2 | K95: 1 | L95: 0 | M95: =SUM(D95:I95) -> 19 | N95: =((M95/C95)*100) -> 86.363636 | O95: =SUM(D95:K95) -> 22 | P95: =((O95/C95)*100) -> 100
A96: 10I | B96: Cg Noralam | C96: =SUM(D96:L96) -> 26 | D96: {=TRANSPOSE([12]Master!$S$47:$S$55)} -> 0 | E96: 3 | F96: 4 | G96: 1 | H96: 4 | I96: 2 | J96: 5 | K96: 4 | L96: 3 | M96: =SUM(D96:I96) -> 14 | N96: =((M96/C96)*100) -> 53.846154 | O96: =SUM(D96:K96) -> 23 | P96: =((O96/C96)*100) -> 88.461538
A97: 10M | B97: Ustazah Mardyana | C97: =SUM(D97:L97) -> 21 | D97: {=TRANSPOSE([13]Master!$R$47:$R$55)} -> 0 | E97: 0 | F97: 0 | G97: 2 | H97: 2 | I97: 1 | J97: 2 | K97: 2 | L97: 12 | M97: =SUM(D97:I97) -> 5 | N97: =((M97/C97)*100) -> 23.809524 | O97: =SUM(D97:K97) -> 9 | P97: =((O97/C97)*100) -> 42.857143
A98: 10E | B98: Cg Noralam | C98: =SUM(D98:L98) -> 20 | D98: {=TRANSPOSE([14]Master!$S$47:$S$55)} -> 0 | E98: 0 | F98: 1 | G98: 0 | H98: 3 | I98: 5 | J98: 2 | K98: 3 | L98: 6 | M98: =SUM(D98:I98) -> 9 | N98: =((M98/C98)*100) -> 45 | O98: =SUM(D98:K98) -> 14 | P98: =((O98/C98)*100) -> 70
B99: Overall | C99: =SUM(C92:C98) -> 148 | D99: =SUM(D92:D98) -> 10 | E99: =SUM(E92:E98) -> 25 | F99: =SUM(F92:F98) -> 15 | G99: =SUM(G92:G98) -> 12 | H99: =SUM(H92:H98) -> 15 | I99: =SUM(I92:I98) -> 15 | J99: =SUM(J92:J98) -> 16 | ... M99: =SUM(M92:M98) -> 92 | N99: =((M99/C99)*100) -> 62.162162 | O99: =SUM(O92:O98) -> 123 | P99: =((O99/C99)*100) -> 83.108108
A101: HISTORY (2171)
D102: Distinction | F102: Credit | J102: Pass | L102: Fail
A103: Class | B103: Taught By | C103: Total | D103: A* | E103: A2 | F103: B3 | G103: B4 | H103: C5 | I103: C6 | J103: D7 | K103: E8 | L103: U | M103: Total 1-6 | N103: % 1-6 | O103: Total 1-8 | P103: % 1-8
A104: 10SCI2 | B104: Cg Asnah | C104: =SUM(E104:L104) -> 9 | D104: {=TRANSPOSE([1]Master!$AE$47:$AE$55)} -> 0 | E104: 3 | F104: 0 | G104: 0 | H104: 1 | I104: 0 | J104: 2 | K104: 3 | L104: 0 | M104: =SUM(D104:I104) -> 4 | N104: =((M104/C104)*100) -> 44.444444 | O104: =SUM(D104:K104) -> 9 | P104: =((O104/C104)*100) -> 100
A105: 10P | B105: Cg Asnah | C105: =SUM(E105:L105) -> 14 | D105: {=TRANSPOSE([3]Master!$AB$46:$AB$54)} -> 0 | E105: 1 | F105: 1 | G105: 0 | H105: 0 | I105: 1 | J105: 3 | K105: 6 | L105: 2 | M105: =SUM(D105:I105) -> 3 | N105: =((M105/C105)*100) -> 21.428571 | O105: =SUM(D105:K105) -> 12 | P105: =((O105/C105)*100) -> 85.714286
B106: Overall | C106: =SUM(C104:C105) -> 23 | D106: =SUM(D104:D105) -> 0 | E106: =SUM(E104:E105) -> 4 | F106: =SUM(F104:F105) -> 1 | G106: =SUM(G104:G105) -> 0 | H106: =SUM(H104:H105) -> 1 | I106: =SUM(I104:I105) -> 1 | J106: =SUM(J104:J105) -> 5 | ... L106: =SUM(L104:L105) -> 2 | M106: =SUM(D106:I106) -> 7 | N106: =((M106/C106)*100) -> 30.434783 | O106: =SUM(D106:K106) -> 21 | P106: =((O106/C106)*100) -> 91.304348
A108: COMMERCE (7100)
D109: Distinction | F109: Credit | J109: Pass | L109: Fail
A110: Class | B110: Taught By | C110: Total | D110: A* | E110: A2 | F110: B3 | G110: B4 | H110: C5 | I110: C6 | J110: D7 | K110: E8 | L110: U | M110: Total 1-6 | N110: % 1-6 | O110: Total 1-8 | P110: % 1-8
A111: 10P | B111: Cg Khuzaimah | C111: =SUM(D111:L111) -> 10 | D111: {=TRANSPOSE([3]Master!$Y$46:$Y$54)} -> 0 | E111: 1 | F111: 0 | G111: 0 | H111: 2 | I111: 5 | J111: 0 | K111: 2 | L111: 0 | M111: =SUM(D111:I111) -> 8 | N111: =((M111/C111)*100) -> 80 | O111: =SUM(D111:K111) -> 10 | P111: =((O111/C111)*100) -> 100
A112: 10M | B112: Cg Khuzaimah | C112: =SUM(D112:L112) -> 1 | D112: {=TRANSPOSE([13]Master!$AD$47:$AD$55)} -> 0 | E112: 0 | F112: 0 | G112: 0 | H112: 0 | I112: 0 | J112: 1 | K112: 0 | L112: 0 | M112: =SUM(D112:I112) -> 0 | N112: =((M112/C112)*100) -> 0 | O112: =SUM(D112:K112) -> 1 | P112: =((O112/C112)*100) -> 100
B113: Overall | C113: =SUM(C111:C112) -> 11 | D113: =SUM(D111:D112) -> 0 | E113: =SUM(E111:E112) -> 1 | F113: =SUM(F111:F112) -> 0 | G113: =SUM(G111:G112) -> 0 | H113: =SUM(H111:H112) -> 2 | I113: =SUM(I111:I112) -> 5 | J113: =SUM(J111:J112) -> 1 | ... L113: =SUM(L111:L112) -> 0 | M113: =SUM(D113:I113) -> 8 | N113: =((M113/C113)*100) -> 72.727273 | O113: =SUM(D113:K113) -> 11 | P113: =((O113/C113)*100) -> 100
...

Sheet OVERALL PERFORMANCES
A2: Subjects | B2: % 1-6 | C2: % 1-8
A3: B.Melayu | B3: ='ANALYSIS BY SUBJECTS'!N179 -> 61.073826 | C3: ='ANALYSIS BY SUBJECTS'!P179 -> 87.919463
A4: English Language | B4: ='ANALYSIS BY SUBJECTS'!N180 -> 59.060403 | C4: ='ANALYSIS BY SUBJECTS'!P180 -> 91.946309
A5: Mathematics D | B5: ='ANALYSIS BY SUBJECTS'!N181 -> 29.62963 | C5: ='ANALYSIS BY SUBJECTS'!P181 -> 54.62963
A6: Physics | B6: ='ANALYSIS BY SUBJECTS'!N182 -> 42.592593 | C6: ='ANALYSIS BY SUBJECTS'!P182 -> 62.962963
A7: Chemistry | B7: ='ANALYSIS BY SUBJECTS'!N183 -> 62.162162 | C7: ='ANALYSIS BY SUBJECTS'!P183 -> 94.594595
A8: Biology | B8: ='ANALYSIS BY SUBJECTS'!N184 -> 68.571429 | C8: ='ANALYSIS BY SUBJECTS'!P184 -> 94.285714
A9: Combined Science | B9: ='ANALYSIS BY SUBJECTS'!N185 -> 2.4390244 | C9: ='ANALYSIS BY SUBJECTS'!P185 -> 26.829268
A10: Geography | B10: ='ANALYSIS BY SUBJECTS'!N186 -> 7.9365079 | C10: ='ANALYSIS BY SUBJECTS'!P186 -> 57.142857
A11: IRK | B11: ='ANALYSIS BY SUBJECTS'!N187 -> 62.162162 | C11: ='ANALYSIS BY SUBJECTS'!P187 -> 83.108108
A12: History | B12: ='ANALYSIS BY SUBJECTS'!N188 -> 30.434783 | C12: ='ANALYSIS BY SUBJECTS'!P188 -> 91.304348
A13: Commerce | B13: ='ANALYSIS BY SUBJECTS'!N189 -> 72.727273 | C13: ='ANALYSIS BY SUBJECTS'!P189 -> 100
A14: Economics | B14: ='ANALYSIS BY SUBJECTS'!N190 -> 33.333333 | C14: ='ANALYSIS BY SUBJECTS'!P190 -> 91.666667
... A19: Sastera | B19: ='ANALYSIS BY SUBJECTS'!N195 -> 56.097561 | C19: ='ANALYSIS BY SUBJECTS'!P195 -> 87.804878
A20: Computer Science | B20: ='ANALYSIS BY SUBJECTS'!$N$165 -> 65 | C20: ='ANALYSIS BY SUBJECTS'!$P$165 -> 95
A21: ='ANALYSIS BY SUBJECTS'!A167 -> IG ICT | B21: ='ANALYSIS BY SUBJECTS'!$N$171 -> 25 | C21: ='ANALYSIS BY SUBJECTS'!$P$171 -> 87.5

Sheet CLASS AVERAGE
A2: Class + No of stdn | B2: Class Avg
A3: 10Sci2 (26)
A4: 10Sci3 (25)
A5: 10A (31)
A6: 10M (30)
A7: 10B (31)
A8: 10E (32)
A9: 10R (31)

Sheet By Class
A2: Menengah 4A
D3: Distinction | F3: Credit | J3: Pass | L3: Fail
A4: Subjects | B4: Taught By | C4: Total | D4: 1 | E4: 2 | F4: 3 | G4: 4 | H4: 5 | I4: 6 | J4: 7 | K4: 8 | L4: 9 | M4: Total 1-6 | N4: % 1-6 | O4: Total 1-8 | P4: % 1-8
A5: B.Melayu | N5: =((M5/C5)*100) -> #DIV/0! | O5: =SUM(D5:K5) -> 0 | P5: =((O5/C5)*100) -> #DIV/0!
A6: English | N6: =((M6/C6)*100) -> #DIV/0! | O6: =SUM(D6:K6) -> 0 | P6: =((O6/C6)*100) -> #DIV/0!
A7: Maths | N7: =((M7/C7)*100) -> #DIV/0! | O7: =SUM(D7:K7) -> 0 | P7: =((O7/C7)*100) -> #DIV/0!
A8: Add Maths | N8: =((M8/C8)*100) -> #DIV/0! | O8: =SUM(D8:K8) -> 0 | P8: =((O8/C8)*100) -> #DIV/0!
A9: Physics | N9: =((M9/C9)*100) -> #DIV/0! | O9: =SUM(D9:K9) -> 0 | P9: =((O9/C9)*100) -> #DIV/0!
A10: Chemistry | N10: =((M10/C10)*100) -> #DIV/0! | O10: =SUM(D10:K10) -> 0 | P10: =((O10/C10)*100) -> #DIV/0!
A11: Biology | N11: =((M11/C11)*100) -> #DIV/0! | O11: =SUM(D11:K11) -> 0 | P11: =((O11/C11)*100) -> #DIV/0!
A12: Geography | N12: =((M12/C12)*100) -> #DIV/0! | O12: =SUM(D12:K12) -> 0 | P12: =((O12/C12)*100) -> #DIV/0!
A13: Computer | N13: =((M13/C13)*100) -> #DIV/0! | O13: =SUM(D13:K13) -> 0 | P13: =((O13/C13)*100) -> #DIV/0!
N14: =AVERAGE(N5:N13) -> #DIV/0! | P14: =AVERAGE(P5:P13) -> #DIV/0!
A16: Menengah 4B
D17: Distinction | F17: Credit | J17: Pass | L17: Fail
A18: Subjects | B18: Taught By | C18: Total | D18: 1 | E18: 2 | F18: 3 | G18: 4 | H18: 5 | I18: 6 | J18: 7 | K18: 8 | L18: 9 | M18: Total 1-6 | N18: % 1-6 | O18: Total 1-8 | P18: % 1-8
A19: B.Melayu | N19: =((M19/C19)*100) -> #DIV/0! | O19: =SUM(D19:K19) -> 0 | P19: =((O19/C19)*100) -> #DIV/0!
A20: English | N20: =((M20/C20)*100) -> #DIV/0! | O20: =SUM(D20:K20) -> 0 | P20: =((O20/C20)*100) -> #DIV/0!
A21: Maths | N21: =((M21/C21)*100) -> #DIV/0! | O21: =SUM(D21:K21) -> 0 | P21: =((O21/C21)*100) -> #DIV/0!
A22: Physics | N22: =((M22/C22)*100) -> #DIV/0! | O22: 10 | P22: =((O22/C22)*100) -> #DIV/0!
A23: Chemistry | N23: =((M23/C23)*100) -> #DIV/0! | O23: 10 | P23: =((O23/C23)*100) -> #DIV/0!
A24: Biology | N24: =((M24/C24)*100) -> #DIV/0! | O24: 19 | P24: =((O24/C24)*100) -> #DIV/0!
A25: Geography | N25: =((M25/C25)*100) -> #DIV/0! | O25: 19 | P25: =((O25/C25)*100) -> #DIV/0!
A26: Economics | N26: =((M26/C26)*100) -> #DIV/0! | O26: 3 | P26: =((O26/C26)*100) -> #DIV/0!
A27: Computer | N27: =((M27/C27)*100) -> #DIV/0! | O27: 2 | P27: =((O27/C27)*100) -> #DIV/0!
A28: POA | N28: =((M28/C28)*100) -> #DIV/0! | O28: 12 | P28: =((O28/C28)*100) -> #DIV/0!
N29: =AVERAGE(N19:N28) -> #DIV/0! | P29: =AVERAGE(P19:P28) -> #DIV/0!
A31: Menengah 4C
D32: Distinction | F32: Credit | J32: Pass | L32: Fail
A33: Subjects | B33: Taught By | C33: Total | D33: 1 | E33: 2 | F33: 3 | G33: 4 | H33: 5 | I33: 6 | J33: 7 | K33: 8 | L33: 9 | M33: Total 1-6 | N33: % 1-6 | O33: Total 1-8 | P33: % 1-8
A34: B.Melayu | N34: =((M34/C34)*100) -> #DIV/0! | O34: 18 | P34: =((O34/C34)*100) -> #DIV/0!
A35: English | N35: =((M35/C35)*100) -> #DIV/0! | O35: 15 | P35: =((O35/C35)*100) -> #DIV/0!
A36: Maths | N36: =((M36/C36)*100) -> #DIV/0! | O36: 9 | P36: =((O36/C36)*100) -> #DIV/0!
A37: Comb Sc | N37: =((M37/C37)*100) -> #DIV/0! | O37: 6 | P37: =((O37/C37)*100) -> #DIV/0!
A38: Geography | N38: =((M38/C38)*100) -> #DIV/0! | O38: 7 | P38: =((O38/C38)*100) -> #DIV/0!
A39: History | N39: =((M39/C39)*100) -> #DIV/0! | O39: 14 | P39: =((O39/C39)*100) -> #DIV/0!
A40: IRK | N40: =((M40/C40)*100) -> #DIV/0! | O40: 16 | P40: =((O40/C40)*100) -> #DIV/0!
A41: Commerce | N41: =((M41/C41)*100) -> #DIV/0! | O41: 14 | P41: =((O41/C41)*100) -> #DIV/0!
A42: Agr Sc | N42: =((M42/C42)*100) -> #DIV/0! | O42: 2 | P42: =((O42/C42)*100) -> #DIV/0!
N43: =AVERAGE(N34:N42) -> #DIV/0! | P43: =AVERAGE(P34:P42) -> #DIV/0!
A45: Menengah 4D
D46: Distinction | F46: Credit | J46: Pass | L46: Fail
A47: Subjects | B47: Taught By | C47: Total | D47: 1 | E47: 2 | F47: 3 | G47: 4 | H47: 5 | I47: 6 | J47: 7 | K47: 8 | L47: 9 | M47: Total 1-6 | N47: % 1-6 | O47: Total 1-8 | P47: % 1-8
A48: B.Melayu | N48: =((M48/C48)*100) -> #DIV/0! | O48: 24 | P48: =((O48/C48)*100) -> #DIV/0!
A49: English | N49: =((M49/C49)*100) -> #DIV/0! | O49: 20 | P49: =((O49/C49)*100) -> #DIV/0!
A50: Maths | N50: =((M50/C50)*100) -> #DIV/0! | O50: 5 | P50: =((O50/C50)*100) -> #DIV/0!
A51: Comb Sc | N51: =((M51/C51)*100) -> #DIV/0! | O51: 10 | P51: =((O51/C51)*100) -> #DIV/0!
A52: Geography | N52: =((M52/C52)*100) -> #DIV/0! | O52: 12 | P52: =((O52/C52)*100) -> #DIV/0!
A53: History | N53: =((M53/C53)*100) -> #DIV/0! | O53: 13 | P53: =((O53/C53)*100) -> #DIV/0!
A54: IRK | N54: =((M54/C54)*100) -> #DIV/0! | O54: 22 | P54: =((O54/C54)*100) -> #DIV/0!
A55: Art | N55: =((M55/C55)*100) -> #DIV/0! | O55: 10 | P55: =((O55/C55)*100) -> #DIV/0!
A56: POA | N56: =((M56/C56)*100) -> #DIV/0! | O56: 8 | P56: =((O56/C56)*100) -> #DIV/0!
N57: =AVERAGE(N48:N56) -> #DIV/0! | P57: =AVERAGE(P48:P56) -> #DIV/0!
A59: Menengah 4E
D60: Distinction | F60: Credit | J60: Pass | L60: Fail
A61: Subjects | B61: Taught By | C61: Total | D61: 1 | E61: 2 | F61: 3 | G61: 4 | H61: 5 | I61: 6 | J61: 7 | K61: 8 | L61: 9 | M61: Total 1-6 | N61: % 1-6 | O61: Total 1-8 | P61: % 1-8
A62: B.Melayu | N62: =((M62/C62)*100) -> #DIV/0! | O62: 18 | P62: =((O62/C62)*100) -> #DIV/0!
A63: English | N63: =((M63/C63)*100) -> #DIV/0! | O63: 7 | P63: =((O63/C63)*100) -> #DIV/0!
A64: Maths | N64: =((M64/C64)*100) -> #DIV/0! | O64: 2 | P64: =((O64/C64)*100) -> #DIV/0!
A65: Comb Sc | N65: =((M65/C65)*100) -> #DIV/0! | O65: 1 | P65: =((O65/C65)*100) -> #DIV/0!
A66: Geography | N66: =((M66/C66)*100) -> #DIV/0! | O66: 9 | P66: =((O66/C66)*100) -> #DIV/0!
A67: IRK | N67: =((M67/C67)*100) -> #DIV/0! | O67: 15 | P67: =((O67/C67)*100) -> #DIV/0!
A68: Commerce | N68: =((M68/C68)*100) -> #DIV/0! | O68: 17 | P68: =((O68/C68)*100) -> #DIV/0!
A69: Sastera | N69: =((M69/C69)*100) -> #DIV/0! | O69: 17 | P69: =((O69/C69)*100) -> #DIV/0!
N70: =AVERAGE(N62:N69) -> #DIV/0! | P70: =AVERAGE(P62:P69) -> #DIV/0!
A72: Menengah 4F
D73: Distinction | F73: Credit | J73: Pass | L73: Fail
A74: Subjects | B74: Taught By | C74: Total | D74: 1 | E74: 2 | F74: 3 | G74: 4 | H74: 5 | I74: 6 | J74: 7 | K74: 8 | L74: 9 | M74: Total 1-6 | N74: % 1-6 | O74: Total 1-8 | P74: % 1-8
A75: B.Melayu | N75: =((M75/C75)*100) -> #DIV/0! | O75: 25 | P75: =((O75/C75)*100) -> #DIV/0!
A76: English | N76: =((M76/C76)*100) -> #DIV/0! | O76: 7 | P76: =((O76/C76)*100) -> #DIV/0!
A77: Maths | N77: =((M77/C77)*100) -> #DIV/0! | O77: 2 | P77: =((O77/C77)*100) -> #DIV/0!
A78: Comb Sc | N78: =((M78/C78)*100) -> #DIV/0! | O78: 9 | P78: =((O78/C78)*100) -> #DIV/0!
A79: Geography | N79: =((M79/C79)*100) -> #DIV/0! | O79: 3 | P79: =((O79/C79)*100) -> #DIV/0!
A80: IRK | N80: =((M80/C80)*100) -> #DIV/0! | O80: 24 | P80: =((O80/C80)*100) -> #DIV/0!
A81: POA | N81: =((M81/C81)*100) -> #DIV/0! | O81: 2 | P81: =((O81/C81)*100) -> #DIV/0!
A82: Sastera | N82: =((M82/C82)*100) -> #DIV/0! | O82: 24 | P82: =((O82/C82)*100) -> #DIV/0!
N83: =AVERAGE(N75:N82) -> #DIV/0! | P83: =AVERAGE(P75:P82) -> #DIV/0!
A86: Menengah 4G
D87: Distinction | F87: Credit | J87: Pass | L87: Fail
A88: Subjects | B88: Taught By | C88: Total | D88: 1 | E88: 2 | F88: 3 | G88: 4 | H88: 5 | I88: 6 | J88: 7 | K88: 8 | L88: 9 | M88: Total 1-6 | N88: % 1-6 | O88: Total 1-8 | P88: % 1-8
A89: B.Melayu | N89: =((M89/C89)*100) -> #DIV/0! | O89: 15 | P89: =((O89/C89)*100) -> #DIV/0!
A90: English | N90: =((M90/C90)*100) -> #DIV/0! | O90: 1 | P90: =((O90/C90)*100) -> #DIV/0!
A91: Maths | N91: =((M91/C91)*100) -> #DIV/0! | O91: 1 | P91: =((O91/C91)*100) -> #DIV/0!
A92: Comb Sc | N92: =((M92/C92)*100) -> #DIV/0! | O92: 0 | P92: =((O92/C92)*100) -> #DIV/0!
A93: Art | N93: =((M93/C93)*100) -> #DIV/0! | O93: 15 | P93: =((O93/C93)*100) -> #DIV/0!
A94: IRK | N94: =((M94/C94)*100) -> #DIV/0! | O94: 12 | P94: =((O94/C94)*100) -> #DIV/0!
A95: Sastera | N95: =((M95/C95)*100) -> #DIV/0! | O95: 13 | P95: =((O95/C95)*100) -> #DIV/0!
N96: =AVERAGE(N89:N95) -> #DIV/0! | P96: =AVERAGE(P89:P95) -> #DIV/0!
A99: Menengah 4H
D100: Distinction | F100: Credit | J100: Pass | L100: Fail
A101: Subjects | B101: Taught By | C101: Total | D101: 1 | E101: 2 | F101: 3 | G101: 4 | H101: 5 | I101: 6 | J101: 7 | K101: 8 | L101: 9 | M101: Total 1-6 | N101: % 1-6 | O101: Total 1-8 | P101: % 1-8
A102: B.Melayu | N102: =((M102/C102)*100) -> #DIV/0! | O102: 16 | P102: =((O102/C102)*100) -> #DIV/0!
A103: English | N103: =((M103/C103)*100) -> #DIV/0! | O103: 6 | P103: =((O103/C103)*100) -> #DIV/0!
A104: Maths | N104: =((M104/C104)*100) -> #DIV/0! | O104: 0 | P104: =((O104/C104)*100) -> #DIV/0!
A105: Comb Sc | N105: =((M105/C105)*100) -> #DIV/0! | O105: 0 | P105: =((O105/C105)*100) -> #DIV/0!
A106: Art | N106: =((M106/C106)*100) -> #DIV/0! | O106: 16 | P106: =((O106/C106)*100) -> #DIV/0!
A107: IRK | N107: =((M107/C107)*100) -> #DIV/0! | O107: 11 | P107: =((O107/C107)*100) -> #DIV/0!
A108: Sastera | N108: =((M108/C108)*100) -> #DIV/0! | O108: 12 | P108: =((O108/C108)*100) -> #DIV/0!
N109: =AVERAGE(N102:N108) -> #DIV/0! | P109: =AVERAGE(P102:P108) -> #DIV/0!
D115: Distinction | F115: Credit | J115: Pass | L115: Fail
...

Sheet IGCSE SUBJECTS
A1: Y10 MID YEAR EXAMINATION 2016
A2: SEKOLAH MENENGAH PG ANAK PUTERI HAJAH MASNA
A4: IGCSE SUBJECTS
C6: NUMBER OF CANDIDATES OBTAINING | O6: PERCENTAGE FOR GRADES
C7: NO. OF CANDIDATE | E7: Distinction | G7: Credit | I7: Pass | M7: Fail | N7: ABSENT | O7: Distinction | P7: Credit | Q7: Pass | R7: Fail | S7: Credit | T7: Pass
A8: Subject | C8: REGISTERED | D8: SAT | E8: A* | F8: A | G8: B | H8: C | I8: D | J8: E | K8: F | L8: G | M8: U | N8: X | O8: A*- A | P8: B-C | Q8: D-G | R8: U | S8: % A* - C | T8: % A* - G
A9: IGCSE English E2L (Core) | C9: ='ANALYSIS BY SUBJECTS'!#REF! -> #REF! | D9: ='ANALYSIS BY SUBJECTS'!#REF! -> #REF! | H9: ='ANALYSIS BY SUBJECTS'!#REF! -> #REF! | I9: ='ANALYSIS BY SUBJECTS'!#REF! -> #REF! | J9: ='ANALYSIS BY SUBJECTS'!#REF! -> #REF! | K9: ='ANALYSIS BY SUBJECTS'!#REF! -> #REF! | L9: ='ANALYSIS BY SUBJECTS'!#REF! -> #REF! | M9: ='ANALYSIS BY SUBJECTS'!#REF! -> #REF! | O9: =((E9+F9)/C9) -> #REF! | P9: =(SUM(G9:H9)/C9) -> #REF! | Q9: =(SUM(I9:L9)/C9) -> #REF! | R9: =M9/C9 -> #REF! | S9: =(SUM(E9:H9)/C9) -> #REF! | T9: =(SUM(E9:L9)/D9) -> #REF!
A10: IGCSE Mathematics (Core) | C10: ='ANALYSIS BY SUBJECTS'!$C$47 -> 37 | D10: ='ANALYSIS BY SUBJECTS'!$C$47 -> 37 | H10: 1 | I10: ='ANALYSIS BY SUBJECTS'!#REF! -> #REF! | J10: 2 | K10: 15 | L10: 38 | M10: 27 | O10: =((E10+F10)/C10) -> 0 | P10: =(SUM(G10:H10)/C10) -> 0.027027027 | Q10: =(SUM(I10:L10)/C10) -> #REF! | R10: =M10/C10 -> 0.72972973 | S10: =(SUM(E10:H10)/C10) -> 0.027027027 | T10: =(SUM(E10:L10)/D10) -> #REF!
A11: IGCSE PE (Extended) | C11: 21 | D11: 21 | E11: ='ANALYSIS BY SUBJECTS'!#REF! -> #REF! | F11: ='ANALYSIS BY SUBJECTS'!#REF! -> #REF! | G11: 2 | H11: 7 | I11: 4 | J11: 1 | K11: 0 | L11: 0 | M11: ='ANALYSIS BY SUBJECTS'!#REF! -> #REF! | O11: =((E11+F11)/C11) -> #REF! | P11: =(SUM(G11:H11)/C11) -> 0.42857143 | Q11: =(SUM(I11:L11)/C11) -> 0.23809524 | R11: =M11/C11 -> #REF! | S11: =(SUM(E11:H11)/C11) -> #REF! | T11: =(SUM(E11:L11)/D11) -> #REF!
A12: IGCSE ICT (Extended) | O12: =((E12+F12)/C12) -> #DIV/0! | P12: =(SUM(G12:H12)/C12) -> #DIV/0! | Q12: =(SUM(I12:L12)/C12) -> #DIV/0! | R12: =M12/C12 -> #DIV/0! | S12: =(SUM(E12:H12)/C12) -> #DIV/0! | T12: =(SUM(E12:L12)/D12) -> #DIV/0!

Sheet OVERALL ANALYSIS
A1: SEKOLAH MENENGAH PG ANAK PUTERI HAJAH MASNA
A2: OVERALL RESULTS - YEAR 10 END OF YEAR EXAMINATION 2025
C4: NUMBER OF CANDIDATES OBTAINING | O4: PERCENTAGE FOR GRADES | U4: REMARKS
C5: NO. OF CANDIDATE | E5: Distinction | G5: Credit | K5: Pass | M5: Fail | N5: ABSENT | O5: Distinction | P5: Credit | Q5: Pass | R5: Fail | S5: Credit | T5: Pass
A6: Subject | C6: REGISTERED | D6: SAT | E6: A*1 | F6: A2 | G6: B3 | H6: B4 | I6: C5 | J6: C6 | K6: D7 | L6: E8 | M6: U | N6: X | O6: 1-2 | P6: 3-6 | Q6: 7-8 | R6: 9 | S6: % 1-6 | T6: % 1-8
A7: B.Melayu | C7: ='ANALYSIS BY SUBJECTS'!C179 -> 149 | D7: ='ANALYSIS BY SUBJECTS'!C179 -> 149 | E7: ='ANALYSIS BY SUBJECTS'!D179 -> 0 | F7: ='ANALYSIS BY SUBJECTS'!E179 -> 2 | G7: ='ANALYSIS BY SUBJECTS'!F179 -> 9 | H7: ='ANALYSIS BY SUBJECTS'!G179 -> 21 | I7: ='ANALYSIS BY SUBJECTS'!H179 -> 14 | J7: ='ANALYSIS BY SUBJECTS'!I179 -> 18 | K7: ='ANALYSIS BY SUBJECTS'!J179 -> 41 | ... M7: ='ANALYSIS BY SUBJECTS'!L179 -> 18 | N7: 0 | O7: =((E7+F7)/C7) -> 0.013422819 | P7: =(SUM(G7:J7)/C7) -> 0.41610738 | Q7: =(SUM(K7:L7)/C7) -> 0.44966443 | R7: =M7/C7 -> 0.12080537 | S7: ='OVERALL PERFORMANCES'!B3 -> 61.073826 | T7: ='OVERALL PERFORMANCES'!C3 -> 87.919463
A8: English Language | C8: ='ANALYSIS BY SUBJECTS'!C180 -> 149 | D8: ='ANALYSIS BY SUBJECTS'!C180 -> 149 | E8: ='ANALYSIS BY SUBJECTS'!D180 -> 0 | F8: ='ANALYSIS BY SUBJECTS'!E180 -> 16 | G8: ='ANALYSIS BY SUBJECTS'!F180 -> 10 | H8: ='ANALYSIS BY SUBJECTS'!G180 -> 13 | I8: ='ANALYSIS BY SUBJECTS'!H180 -> 24 | J8: ='ANALYSIS BY SUBJECTS'!I180 -> 25 | K8: ='ANALYSIS BY SUBJECTS'!J180 -> 35 | ... M8: ='ANALYSIS BY SUBJECTS'!L180 -> 12 | N8: 0 | O8: =((E8+F8)/C8) -> 0.10738255 | P8: =(SUM(G8:J8)/C8) -> 0.48322148 | Q8: =(SUM(K8:L8)/C8) -> 0.32885906 | R8: =M8/C8 -> 0.080536913 | S8: ='OVERALL PERFORMANCES'!B4 -> 59.060403 | T8: ='OVERALL PERFORMANCES'!C4 -> 91.946309
A9: Mathematics D | C9: ='ANALYSIS BY SUBJECTS'!C181 -> 108 | D9: ='ANALYSIS BY SUBJECTS'!C181 -> 108 | E9: ='ANALYSIS BY SUBJECTS'!D181 -> 0 | F9: ='ANALYSIS BY SUBJECTS'!E181 -> 11 | G9: ='ANALYSIS BY SUBJECTS'!F181 -> 3 | H9: ='ANALYSIS BY SUBJECTS'!G181 -> 8 | I9: ='ANALYSIS BY SUBJECTS'!H181 -> 6 | J9: ='ANALYSIS BY SUBJECTS'!I181 -> 4 | K9: ='ANALYSIS BY SUBJECTS'!J181 -> 13 | ... M9: ='ANALYSIS BY SUBJECTS'!L181 -> 49 | N9: 0 | O9: =((E9+F9)/C9) -> 0.10185185 | P9: =(SUM(G9:J9)/C9) -> 0.19444444 | Q9: =(SUM(K9:L9)/C9) -> 0.25 | R9: =M9/C9 -> 0.4537037 | S9: ='OVERALL PERFORMANCES'!B5 -> 29.62963 | T9: ='OVERALL PERFORMANCES'!C5 -> 54.62963
A10: Physics | C10: ='ANALYSIS BY SUBJECTS'!C182 -> 54 | D10: ='ANALYSIS BY SUBJECTS'!C182 -> 54 | E10: ='ANALYSIS BY SUBJECTS'!D182 -> 0 | F10: ='ANALYSIS BY SUBJECTS'!E182 -> 4 | G10: ='ANALYSIS BY SUBJECTS'!F182 -> 2 | H10: ='ANALYSIS BY SUBJECTS'!G182 -> 3 | I10: ='ANALYSIS BY SUBJECTS'!H182 -> 8 | J10: ='ANALYSIS BY SUBJECTS'!I182 -> 6 | K10: ='ANALYSIS BY SUBJECTS'!J182 -> 7 | ... M10: ='ANALYSIS BY SUBJECTS'!L182 -> 20 | N10: 0 | O10: =((E10+F10)/C10) -> 0.074074074 | P10: =(SUM(G10:J10)/C10) -> 0.35185185 | Q10: =(SUM(K10:L10)/C10) -> 0.2037037 | R10: =M10/C10 -> 0.37037037 | S10: ='OVERALL PERFORMANCES'!B6 -> 42.592593 | T10: ='OVERALL PERFORMANCES'!C6 -> 62.962963
A11: Chemistry | C11: ='ANALYSIS BY SUBJECTS'!C183 -> 37 | D11: ='ANALYSIS BY SUBJECTS'!C183 -> 37 | E11: ='ANALYSIS BY SUBJECTS'!D183 -> 1 | F11: ='ANALYSIS BY SUBJECTS'!E183 -> 3 | G11: ='ANALYSIS BY SUBJECTS'!F183 -> 3 | H11: ='ANALYSIS BY SUBJECTS'!G183 -> 7 | I11: ='ANALYSIS BY SUBJECTS'!H183 -> 4 | J11: ='ANALYSIS BY SUBJECTS'!I183 -> 5 | K11: ='ANALYSIS BY SUBJECTS'!J183 -> 6 | ... M11: ='ANALYSIS BY SUBJECTS'!L183 -> 2 | N11: 0 | O11: =((E11+F11)/C11) -> 0.10810811 | P11: =(SUM(G11:J11)/C11) -> 0.51351351 | Q11: =(SUM(K11:L11)/C11) -> 0.32432432 | R11: =M11/C11 -> 0.054054054 | S11: ='OVERALL PERFORMANCES'!B7 -> 62.162162 | T11: ='OVERALL PERFORMANCES'!C7 -> 94.594595
A12: Biology | C12: ='ANALYSIS BY SUBJECTS'!C184 -> 35 | D12: ='ANALYSIS BY SUBJECTS'!C184 -> 35 | E12: ='ANALYSIS BY SUBJECTS'!D184 -> 0 | F12: ='ANALYSIS BY SUBJECTS'!E184 -> 0 | G12: ='ANALYSIS BY SUBJECTS'!F184 -> 3 | H12: ='ANALYSIS BY SUBJECTS'!G184 -> 5 | I12: ='ANALYSIS BY SUBJECTS'!H184 -> 3 | J12: ='ANALYSIS BY SUBJECTS'!I184 -> 13 | K12: ='ANALYSIS BY SUBJECTS'!J184 -> 4 | ... M12: ='ANALYSIS BY SUBJECTS'!L184 -> 2 | N12: 0 | O12: =((E12+F12)/C12) -> 0 | P12: =(SUM(G12:J12)/C12) -> 0.68571429 | Q12: =(SUM(K12:L12)/C12) -> 0.25714286 | R12: =M12/C12 -> 0.057142857 | S12: ='OVERALL PERFORMANCES'!B8 -> 68.571429 | T12: ='OVERALL PERFORMANCES'!C8 -> 94.285714
A13: Combined Science | C13: ='ANALYSIS BY SUBJECTS'!C185 -> 41 | D13: ='ANALYSIS BY SUBJECTS'!C185 -> 41 | E13: ='ANALYSIS BY SUBJECTS'!D185 -> 0 | F13: ='ANALYSIS BY SUBJECTS'!E185 -> 0 | G13: ='ANALYSIS BY SUBJECTS'!F185 -> 0 | H13: ='ANALYSIS BY SUBJECTS'!G185 -> 0 | I13: ='ANALYSIS BY SUBJECTS'!H185 -> 1 | J13: ='ANALYSIS BY SUBJECTS'!I185 -> 0 | K13: ='ANALYSIS BY SUBJECTS'!J185 -> 1 | ... M13: ='ANALYSIS BY SUBJECTS'!L185 -> 30 | N13: 0 | O13: =((E13+F13)/C13) -> 0 | P13: =(SUM(G13:J13)/C13) -> 0.024390244 | Q13: =(SUM(K13:L13)/C13) -> 0.24390244 | R13: =M13/C13 -> 0.73170732 | S13: ='OVERALL PERFORMANCES'!B9 -> 2.4390244 | T13: ='OVERALL PERFORMANCES'!C9 -> 26.829268
A14: Geography | C14: ='ANALYSIS BY SUBJECTS'!C186 -> 63 | D14: ='ANALYSIS BY SUBJECTS'!C186 -> 63 | E14: ='ANALYSIS BY SUBJECTS'!D186 -> 0 | F14: ='ANALYSIS BY SUBJECTS'!E186 -> 0 | G14: ='ANALYSIS BY SUBJECTS'!F186 -> 0 | H14: ='ANALYSIS BY SUBJECTS'!G186 -> 0 | I14: ='ANALYSIS BY SUBJECTS'!H186 -> 1 | J14: ='ANALYSIS BY SUBJECTS'!I186 -> 4 | K14: ='ANALYSIS BY SUBJECTS'!J186 -> 13 | ... M14: ='ANALYSIS BY SUBJECTS'!L186 -> 27 | N14: 0 | O14: =((E14+F14)/C14) -> 0 | P14: =(SUM(G14:J14)/C14) -> 0.079365079 | Q14: =(SUM(K14:L14)/C14) -> 0.49206349 | R14: =M14/C14 -> 0.42857143 | S14: ='OVERALL PERFORMANCES'!B10 -> 7.9365079 | T14: ='OVERALL PERFORMANCES'!C10 -> 57.142857
A15: IRK | C15: ='ANALYSIS BY SUBJECTS'!C187 -> 148 | D15: ='ANALYSIS BY SUBJECTS'!C187 -> 148 | E15: ='ANALYSIS BY SUBJECTS'!D187 -> 10 | F15: ='ANALYSIS BY SUBJECTS'!E187 -> 25 | G15: ='ANALYSIS BY SUBJECTS'!F187 -> 15 | H15: ='ANALYSIS BY SUBJECTS'!G187 -> 12 | I15: ='ANALYSIS BY SUBJECTS'!H187 -> 15 | J15: ='ANALYSIS BY SUBJECTS'!I187 -> 15 | K15: ='ANALYSIS BY SUBJECTS'!J187 -> 16 | ... M15: ='ANALYSIS BY SUBJECTS'!L187 -> 25 | N15: 0 | O15: =((E15+F15)/C15) -> 0.23648649 | P15: =(SUM(G15:J15)/C15) -> 0.38513514 | Q15: =(SUM(K15:L15)/C15) -> 0.20945946 | R15: =M15/C15 -> 0.16891892 | S15: ='OVERALL PERFORMANCES'!B11 -> 62.162162 | T15: ='OVERALL PERFORMANCES'!C11 -> 83.108108
A16: History | C16: ='ANALYSIS BY SUBJECTS'!C188 -> 23 | D16: ='ANALYSIS BY SUBJECTS'!C188 -> 23 | E16: ='ANALYSIS BY SUBJECTS'!D188 -> 0 | F16: ='ANALYSIS BY SUBJECTS'!E188 -> 4 | G16: ='ANALYSIS BY SUBJECTS'!F188 -> 1 | H16: ='ANALYSIS BY SUBJECTS'!G188 -> 0 | I16: ='ANALYSIS BY SUBJECTS'!H188 -> 1 | J16: ='ANALYSIS BY SUBJECTS'!I188 -> 1 | K16: ='ANALYSIS BY SUBJECTS'!J188 -> 5 | ... M16: ='ANALYSIS BY SUBJECTS'!L188 -> 2 | N16: 0 | O16: =((E16+F16)/C16) -> 0.17391304 | P16: =(SUM(G16:J16)/C16) -> 0.13043478 | Q16: =(SUM(K16:L16)/C16) -> 0.60869565 | R16: =M16/C16 -> 0.086956522 | S16: ='OVERALL PERFORMANCES'!B12 -> 30.434783 | T16: ='OVERALL PERFORMANCES'!C12 -> 91.304348
A17: Commerce | C17: ='ANALYSIS BY SUBJECTS'!C189 -> 11 | D17: ='ANALYSIS BY SUBJECTS'!C189 -> 11 | E17: ='ANALYSIS BY SUBJECTS'!D189 -> 0 | F17: ='ANALYSIS BY SUBJECTS'!E189 -> 1 | G17: ='ANALYSIS BY SUBJECTS'!F189 -> 0 | H17: ='ANALYSIS BY SUBJECTS'!G189 -> 0 | I17: ='ANALYSIS BY SUBJECTS'!H189 -> 2 | J17: ='ANALYSIS BY SUBJECTS'!I189 -> 5 | K17: ='ANALYSIS BY SUBJECTS'!J189 -> 1 | ... M17: ='ANALYSIS BY SUBJECTS'!L189 -> 0 | N17: 0 | O17: =((E17+F17)/C17) -> 0.090909091 | P17: =(SUM(G17:J17)/C17) -> 0.63636364 | Q17: =(SUM(K17:L17)/C17) -> 0.27272727 | R17: =M17/C17 -> 0 | S17: ='OVERALL PERFORMANCES'!B13 -> 72.727273 | T17: ='OVERALL PERFORMANCES'!C13 -> 100
A18: Economics | C18: ='ANALYSIS BY SUBJECTS'!C190 -> 12 | D18: ='ANALYSIS BY SUBJECTS'!C190 -> 12 | E18: ='ANALYSIS BY SUBJECTS'!D190 -> 0 | F18: ='ANALYSIS BY SUBJECTS'!E190 -> 0 | G18: ='ANALYSIS BY SUBJECTS'!F190 -> 1 | H18: ='ANALYSIS BY SUBJECTS'!G190 -> 0 | I18: ='ANALYSIS BY SUBJECTS'!H190 -> 2 | J18: ='ANALYSIS BY SUBJECTS'!I190 -> 1 | K18: ='ANALYSIS BY SUBJECTS'!J190 -> 5 | ... M18: ='ANALYSIS BY SUBJECTS'!L190 -> 1 | N18: 0 | O18: =((E18+F18)/C18) -> 0 | P18: =(SUM(G18:J18)/C18) -> 0.33333333 | Q18: =(SUM(K18:L18)/C18) -> 0.58333333 | R18: =M18/C18 -> 0.083333333 | S18: ='OVERALL PERFORMANCES'!B14 -> 33.333333 | T18: ='OVERALL PERFORMANCES'!C14 -> 91.666667
... A22: Agriculture | C22: ='ANALYSIS BY SUBJECTS'!C194 -> 5 | D22: ='ANALYSIS BY SUBJECTS'!C194 -> 5 | E22: ='ANALYSIS BY SUBJECTS'!D194 -> 0 | F22: ='ANALYSIS BY SUBJECTS'!E194 -> 0 | G22: ='ANALYSIS BY SUBJECTS'!F194 -> 1 | H22: ='ANALYSIS BY SUBJECTS'!G194 -> 0 | I22: ='ANALYSIS BY SUBJECTS'!H194 -> 1 | J22: ='ANALYSIS BY SUBJECTS'!I194 -> 1 | K22: ='ANALYSIS BY SUBJECTS'!J194 -> 0 | ... M22: ='ANALYSIS BY SUBJECTS'!L194 -> 1 | N22: 0 | O22: =((E22+F22)/C22) -> 0 | P22: =(SUM(G22:J22)/C22) -> 0.6 | Q22: =(SUM(K22:L22)/C22) -> 0.2 | R22: =M22/C22 -> 0.2 | S22: ='OVERALL PERFORMANCES'!B18 -> 60 | T22: ='OVERALL PERFORMANCES'!C18 -> 80
A23: Sastera | C23: ='ANALYSIS BY SUBJECTS'!C194 -> 5 | D23: ='ANALYSIS BY SUBJECTS'!C194 -> 5 | E23: ='ANALYSIS BY SUBJECTS'!D194 -> 0 | F23: ='ANALYSIS BY SUBJECTS'!E194 -> 0 | G23: ='ANALYSIS BY SUBJECTS'!F194 -> 1 | H23: ='ANALYSIS BY SUBJECTS'!G194 -> 0 | I23: ='ANALYSIS BY SUBJECTS'!H194 -> 1 | J23: ='ANALYSIS BY SUBJECTS'!I194 -> 1 | K23: ='ANALYSIS BY SUBJECTS'!J194 -> 0 | ... M23: ='ANALYSIS BY SUBJECTS'!L194 -> 1 | N23: 0 | O23: =((E23+F23)/C23) -> 0 | P23: =(SUM(G23:J23)/C23) -> 0.6 | Q23: =(SUM(K23:L23)/C23) -> 0.2 | R23: =M23/C23 -> 0.2 | S23: ='OVERALL PERFORMANCES'!B18 -> 60 | T23: ='OVERALL PERFORMANCES'!C18 -> 80
A24: Computer Science | C24: ='ANALYSIS BY SUBJECTS'!$C$165 -> 20 | D24: ='ANALYSIS BY SUBJECTS'!C165 -> 20 | E24: ='ANALYSIS BY SUBJECTS'!D165 -> 0 | F24: ='ANALYSIS BY SUBJECTS'!E165 -> 2 | G24: ='ANALYSIS BY SUBJECTS'!F165 -> 3 | H24: ='ANALYSIS BY SUBJECTS'!G165 -> 1 | I24: ='ANALYSIS BY SUBJECTS'!H165 -> 5 | J24: ='ANALYSIS BY SUBJECTS'!I165 -> 2 | K24: ='ANALYSIS BY SUBJECTS'!J165 -> 4 | ... M24: ='ANALYSIS BY SUBJECTS'!L165 -> 1 | N24: 0 | O24: =((E24+F24)/C24) -> 0.1 | P24: =(SUM(G24:J24)/C24) -> 0.55 | Q24: =(SUM(K24:L24)/C24) -> 0.3 | R24: =M24/C24 -> 0.05 | S24: ='OVERALL PERFORMANCES'!B19 -> 56.097561 | T24: ='OVERALL PERFORMANCES'!C19 -> 87.804878
A25: IG ICT | C25: ='ANALYSIS BY SUBJECTS'!C197 -> 10 | D25: ='ANALYSIS BY SUBJECTS'!D197 -> 0 | E25: ='ANALYSIS BY SUBJECTS'!E197 -> 0 | F25: ='ANALYSIS BY SUBJECTS'!F197 -> 0 | G25: ='ANALYSIS BY SUBJECTS'!G197 -> 2 | H25: ='ANALYSIS BY SUBJECTS'!H197 -> 0 | I25: ='ANALYSIS BY SUBJECTS'!I197 -> 2 | J25: ='ANALYSIS BY SUBJECTS'!J197 -> 3 | ... M25: ='ANALYSIS BY SUBJECTS'!M197 -> 4 | N25: 0 | O25: =((E25+F25)/C25) -> 0 | P25: =(SUM(G25:J25)/C25) -> 0.7 | Q25: =(SUM(K25:L25)/C25) -> 0.3 | R25: =M25/C25 -> 0.4 | S25: ='OVERALL PERFORMANCES'!B20 -> 65 | T25: ='OVERALL PERFORMANCES'!C20 -> 95
C27: NUMBER OF CANDIDATES OBTAINING | O27: PERCENTAGE FOR GRADES | U27: REMARKS
C28: NO. OF CANDIDATE | E28: Distinction | G28: Credit | I28: Pass | M28: Fail | N28: ABSENT | O28: Distinction | P28: Credit | Q28: Pass | R28: Fail | S28: Credit | T28: Pass
A29: Subject | C29: REGISTERED | D29: SAT | E29: A* | F29: A | G29: B | H29: C | I29: D | J29: E | K29: F | L29: G | M29: U | N29: X | O29: A*- A | P29: B-C | Q29: D-G | R29: U | S29: % A* - C | T29: % A* - G
A30: IGCSE English E2L (Core) | C30: ='ANALYSIS BY SUBJECTS'!#REF! -> #REF! | D30: ='ANALYSIS BY SUBJECTS'!#REF! -> #REF! | H30: ='ANALYSIS BY SUBJECTS'!#REF! -> #REF! | I30: ='ANALYSIS BY SUBJECTS'!#REF! -> #REF! | J30: ='ANALYSIS BY SUBJECTS'!#REF! -> #REF! | K30: ='ANALYSIS BY SUBJECTS'!#REF! -> #REF! | L30: ='ANALYSIS BY SUBJECTS'!#REF! -> #REF! | M30: ='ANALYSIS BY SUBJECTS'!#REF! -> #REF! | N30: 0 | O30: =((E30+F30)/C30) -> #REF! | P30: =(SUM(G30:H30)/C30) -> #REF! | Q30: =(SUM(I30:L30)/C30) -> #REF! | R30: =M30/C30 -> #REF! | S30: =(SUM(E30:H30)/C30) -> #REF! | T30: =(SUM(E30:L30)/D30) -> #REF!
A31: IGCSE Mathematics (Core) | C31: ='ANALYSIS BY SUBJECTS'!$C$47 -> 37 | D31: ='ANALYSIS BY SUBJECTS'!$C$47 -> 37 | H31: ='ANALYSIS BY SUBJECTS'!D47 -> 0 | I31: ='ANALYSIS BY SUBJECTS'!E47 -> 0 | J31: ='ANALYSIS BY SUBJECTS'!F47 -> 6 | K31: ='ANALYSIS BY SUBJECTS'!G47 -> 2 | L31: ='ANALYSIS BY SUBJECTS'!H47 -> 7 | M31: ='ANALYSIS BY SUBJECTS'!I47 -> 5 | N31: 0 | O31: =((E31+F31)/C31) -> 0 | P31: =(SUM(G31:H31)/C31) -> 0 | Q31: =(SUM(I31:L31)/C31) -> 0.40540541 | R31: =M31/C31 -> 0.13513514 | S31: =(SUM(E31:H31)/C31) -> 0 | T31: =(SUM(E31:L31)/D31) -> 0.40540541

Sheet Sheet1
A1: Y10 MID YEAR EXAMINATION 2016
A2: SEKOLAH MENENGAH PG ANAK PUTERI HAJAH MASNA
A4: No. Of Candidate Registered | E4: 195
A5: No. Of Candidate Sitting | E5: 195
A6: Withdrawn | E6: 0
A8: Credit Attained | B8: No. Of Student | D8: %
A9: 9
A10: 8
A11: 7
A12: 6
A13: 5
A14: 4
A15: 3
A16: 2
A17: 1
A18: 0
A19: Total | B19: 195
C22: No. of Student | D22: %
A23: 4 or more Credits | D23: =C23/B19 -> 0
A24: 5 or more Credits | D24: =C24/B19 -> 0

Sheet Sheet2

Sheet 3'O' and 5'O' & above
A1: YEAR 10 END OF YEAR EXAMINATION 2025
B3: No. of Candidates | C3: No. of Credits Obtained | M3: 5 'O' & above | O3: 3 'O' & above
C4: 9 | D4: 8 | E4: 7 | F4: 6 | G4: 5 | H4: 4 | I4: 3 | J4: 2 | K4: 1 | L4: 0 | M4: No. of Candidates | N4: % | O4: No. of Candidates | P4: %
A5: 10SCI2 | B5: =SUM(_xlfn.ANCHORARRAY(C5)) -> 21 | C5: {=TRANSPOSE([1]Master!$BV$47:$BV$56)} -> 2 | D5: 1 | E5: 4 | F5: 2 | G5: 3 | H5: 4 | I5: 1 | J5: 0 | K5: 4 | L5: 0 | M5: =SUM(C5:G5) -> 12 | N5: =M5/B5 -> 0.57142857 | O5: =SUM(C5:I5) -> 17 | P5: =O5/B5 -> 0.80952381
A6: 10SCI3 | B6: =SUM(_xlfn.ANCHORARRAY(C6)) -> 15 | C6: {=TRANSPOSE([2]Master!$BM$47:$BM$56)} -> 0 | D6: 0 | E6: 0 | F6: 0 | G6: 0 | H6: 0 | I6: 0 | J6: 0 | K6: 0 | L6: 15 | M6: =SUM(D6:H6) -> 0 | N6: =M6/B6 -> 0 | O6: =SUM(D6:J6) -> 0 | P6: =O6/B6 -> 0
A7: 10P | B7: =SUM(_xlfn.ANCHORARRAY(C7)) -> 24 | C7: {=TRANSPOSE([3]Master!$BI$46:$BI$55)} -> 0 | D7: 0 | E7: 0 | F7: 4 | G7: 3 | H7: 2 | I7: 10 | J7: 4 | K7: 1 | L7: 0 | M7: =SUM(C7:G7) -> 7 | N7: =M7/B7 -> 0.29166667 | O7: =SUM(C7:I7) -> 19 | P7: =O7/B7 -> 0.79166667
A8: 10R | B8: =SUM(_xlfn.ANCHORARRAY(C8)) -> 24 | C8: {=TRANSPOSE([4]Master!$BR$47:$BR$56)} -> 0 | D8: 0 | E8: 0 | F8: 1 | G8: 1 | H8: 7 | I8: 12 | J8: 3 | K8: 0 | L8: 0 | M8: =SUM(C8:G8) -> 2 | N8: =M8/B8 -> 0.083333333 | O8: =SUM(C8:I8) -> 21 | P8: =O8/B8 -> 0.875
A9: 10I | B9: =SUM(_xlfn.ANCHORARRAY(C9)) -> 26 | C9: {=TRANSPOSE([12]Master!$BI$47:$BI$56)} -> 0 | D9: 0 | E9: 0 | F9: 0 | G9: 0 | H9: 2 | I9: 3 | J9: 9 | K9: 6 | L9: 6 | M9: =SUM(C9:G9) -> 0 | N9: =M9/B9 -> 0 | O9: =SUM(C9:I9) -> 5 | P9: =O9/B9 -> 0.19230769
A10: 10M | B10: =SUM(_xlfn.ANCHORARRAY(C10)) -> 21 | C10: {=TRANSPOSE([13]Master!$BR$47:$BR$56)} -> 0 | D10: 0 | E10: 0 | F10: 0 | G10: 0 | H10: 1 | I10: 5 | J10: 9 | K10: 5 | L10: 1 | M10: =SUM(C10:G10) -> 0 | N10: =M10/B10 -> 0 | O10: =SUM(C10:I10) -> 6 | P10: =O10/B10 -> 0.28571429
A11: 10E | B11: =SUM(_xlfn.ANCHORARRAY(C11)) -> 20 | C11: {=TRANSPOSE([14]Master!$BA$47:$BA$56)} -> 0 | D11: 0 | E11: 0 | F11: 0 | G11: 1 | H11: 2 | I11: 6 | J11: 5 | K11: 3 | L11: 3 | M11: =SUM(C11:G11) -> 1 | N11: =M11/B11 -> 0.05 | O11: =SUM(C11:I11) -> 9 | P11: =O11/B11 -> 0.45
A12: Total No. of Candidates | B12: =SUM(B5:B11) -> 151 | C12: =SUM(C5:C11) -> 2 | D12: =SUM(D5:D11) -> 1 | E12: =SUM(E5:E11) -> 4 | F12: =SUM(F5:F11) -> 7 | G12: =SUM(G5:G11) -> 8 | H12: =SUM(H5:H11) -> 18 | I12: =SUM(I5:I11) -> 37 | ... M12: =SUM(M5:M11) -> 22 | N12: =M12/B12 -> 0.14569536 | O12: =SUM(O5:O11) -> 77 | P12: =O12/B12 -> 0.50993377
A14: % obtained 5'O' & above | B14: =$N$12 -> 0.14569536
A15: % obtained 3'O' & above | B15: =$P$12 -> 0.50993377

Sheet No.of Credits Attained
A1: YEAR 10 END OF YEAR EXAMINATION 2025
A3: No. Of Candidate Registered | E3: 200
A4: No. Of Candidate Sitting | E4: =$B$18 -> 151
A5: Withdrawn | E5: 0
A7: Credit Attained | B7: No. Of Student | D7: %
A8: 9 | B8: ='3''O'' and 5''O'' & above'!$C$12 -> 2 | D8: =B8/B18 -> 0.013245033
A9: 8 | B9: ='3''O'' and 5''O'' & above'!$D$12 -> 1 | D9: =B9/B18 -> 0.0066225166
A10: 7 | B10: ='3''O'' and 5''O'' & above'!$E$12 -> 4 | D10: =B10/B18 -> 0.026490066
A11: 6 | B11: ='3''O'' and 5''O'' & above'!$F$12 -> 7 | D11: =B11/B18 -> 0.046357616
A12: 5 | B12: ='3''O'' and 5''O'' & above'!$G$12 -> 8 | D12: =B12/B18 -> 0.052980132
A13: 4 | B13: ='3''O'' and 5''O'' & above'!$H$12 -> 18 | D13: =B13/B18 -> 0.1192053
A14: 3 | B14: ='3''O'' and 5''O'' & above'!$I$12 -> 37 | D14: =B14/B18 -> 0.24503311
A15: 2 | B15: ='3''O'' and 5''O'' & above'!$J$12 -> 30 | D15: =B15/B18 -> 0.1986755
A16: 1 | B16: ='3''O'' and 5''O'' & above'!$K$12 -> 19 | D16: =B16/B18 -> 0.12582781
A17: 0 | B17: ='3''O'' and 5''O'' & above'!$L$12 -> 25 | D17: =B17/B18 -> 0.16556291
A18: Total | B18: =SUM(B8:C17) -> 151
C21: No. of Student | D21: %
A22: 3 or more Credits | C22: =SUM(B8:C14) -> 77 | D22: =C22/B18 -> 0.50993377
A23: 4 or more Credits | C23: =SUM(B8:C13) -> 40 | D23: =C23/B18 -> 0.26490066
A24: 5 or more Credits | C24: =SUM(B8:C12) -> 22 | D24: =C24/B18 -> 0.14569536
