Workbook

Sheet YEAR 7
A1: BAHASA MELAYU
D2: Distinction | F2: Credit | J2: Pass | L2: Fail
A3: Class | B3: Taught By | C3: Total | D3: A* | E3: A2 | F3: B3 | G3: B4 | H3: C5 | I3: C6 | J3: D7 | K3: E8 | L3: U | M3: Total 1-6 | N3: % 1-6 | O3: Total 1-8 | P3: % 1-8
A4: 7D | B4: Cg Noni Ratina | C4: =SUM(D4:L4) -> 18 | D4: {=TRANSPOSE([1]Master!$J$47:$J$55)} -> 0 | E4: 6 | F4: 4 | G4: 4 | H4: 2 | I4: 1 | J4: 1 | K4: 0 | L4: 0 | M4: =SUM(D4:I4) -> 17 | N4: =(M4/C4)*100 -> 94.444444 | O4: =SUM(D4:K4) -> 18 | P4: =(O4/C4)*100 -> 100
A5: 7Y | B5: Cg Siti Noor Rahayu | C5: =SUM(D5:L5) -> 20 | D5: {=TRANSPOSE([2]Master!$K$66:$K$74)} -> 0 | E5: 2 | F5: 8 | G5: 5 | H5: 2 | I5: 3 | J5: 0 | K5: 0 | L5: 0 | M5: =SUM(D5:I5) -> 20 | N5: =(M5/C5)*100 -> 100 | O5: =SUM(D5:K5) -> 20 | P5: =(O5/C5)*100 -> 100
A6: 7N | B6: Cg Siti Izyan | C6: =SUM(D6:L6) -> 24 | D6: {=TRANSPOSE([3]Master!$K$66:$K$74)} -> 0 | E6: 3 | F6: 4 | G6: 6 | H6: 7 | I6: 3 | J6: 1 | K6: 0 | L6: 0 | M6: =SUM(D6:I6) -> 23 | N6: =(M6/C6)*100 -> 95.833333 | O6: =SUM(D6:K6) -> 24 | P6: =(O6/C6)*100 -> 100
A7: 7A | B7: Cg Siti Noor Rahayu | C7: =SUM(D7:L7) -> 25 | D7: {=TRANSPOSE([4]Master!$J$47:$J$55)} -> 0 | E7: 1 | F7: 7 | G7: 6 | H7: 7 | I7: 3 | J7: 1 | K7: 0 | L7: 0 | M7: =SUM(D7:I7) -> 24 | N7: =(M7/C7)*100 -> 96 | O7: =SUM(D7:K7) -> 25 | P7: =(O7/C7)*100 -> 100
A8: 7M | B8: Cg Noni Ratina | C8: =SUM(D8:L8) -> 25 | D8: {=TRANSPOSE([5]Master!$K$66:$K$74)} -> 0 | E8: 0 | F8: 0 | G8: 3 | H8: 4 | I8: 6 | J8: 5 | K8: 6 | L8: 1 | M8: =SUM(D8:I8) -> 13 | N8: =(M8/C8)*100 -> 52 | O8: =SUM(D8:K8) -> 24 | P8: =(O8/C8)*100 -> 96
A9: 7I | B9: Cg Siti Noor Rahayu | C9: =SUM(D9:L9) -> 24 | D9: {=TRANSPOSE([6]Master!$K$66:$K$74)} -> 0 | E9: 0 | F9: 0 | G9: 2 | H9: 4 | I9: 11 | J9: 5 | K9: 1 | L9: 1 | M9: =SUM(D9:I9) -> 17 | N9: =(M9/C9)*100 -> 70.833333 | O9: =SUM(D9:K9) -> 23 | P9: =(O9/C9)*100 -> 95.833333
A10: 7C | B10: Cg Amalina | C10: =SUM(D10:L10) -> 20 | D10: {=TRANSPOSE([7]Master!$K$66:$K$74)} -> 0 | E10: 0 | F10: 1 | G10: 1 | H10: 1 | I10: 1 | J10: 8 | K10: 2 | L10: 6 | M10: =SUM(D10:I10) -> 4 | N10: =(M10/C10)*100 -> 20 | O10: =SUM(D10:K10) -> 14 | P10: =(O10/C10)*100 -> 70
B11: Overall | C11: =SUM(C4:C10) -> 156 | D11: =SUM(D4:D10) -> 0 | E11: =SUM(E4:E10) -> 12 | F11: =SUM(F4:F10) -> 24 | G11: =SUM(G4:G10) -> 27 | H11: =SUM(H4:H10) -> 27 | I11: =SUM(I4:I10) -> 28 | J11: =SUM(J4:J10) -> 21 | ... L11: =SUM(L4:L10) -> 8 | M11: =SUM(D11:I11) -> 118 | N11: =(M11/C11)*100 -> 75.641026 | O11: =SUM(D11:K11) -> 148 | P11: =(O11/C11)*100 -> 94.871795
A13: ENGLISH LANGUAGE
D14: Distinction | F14: Credit | J14: Pass | L14: Fail
A15: Class | B15: Taught By | C15: Total | D15: A* | E15: A2 | F15: B3 | G15: B4 | H15: C5 | I15: C6 | J15: D7 | K15: E8 | L15: U | M15: Total 1-6 | N15: % 1-6 | O15: Total 1-8 | P15: % 1-8
A16: 7D | B16: Cg Noratikah | C16: =SUM(D16:L16) -> 18 | D16: {=TRANSPOSE([1]Master!$M$47:$M$55)} -> 1 | E16: 13 | F16: 3 | G16: 1 | H16: 0 | I16: 0 | J16: 0 | K16: 0 | L16: 0 | M16: =SUM(D16:I16) -> 18 | N16: =(M16/C16)*100 -> 100 | O16: =SUM(D16:K16) -> 18 | P16: =(O16/C16)*100 -> 100
A17: 7Y | B17: Cg Pieter | C17: =SUM(D17:L17) -> 20 | D17: {=TRANSPOSE([2]Master!$N$66:$N$74)} -> 4 | E17: 7 | F17: 4 | G17: 5 | H17: 0 | I17: 0 | J17: 0 | K17: 0 | L17: 0 | M17: =SUM(D17:I17) -> 20 | N17: =(M17/C17)*100 -> 100 | O17: =SUM(D17:K17) -> 20 | P17: =(O17/C17)*100 -> 100
A18: 7N | B18: Derek | C18: =SUM(D18:L18) -> 24 | D18: {=TRANSPOSE([3]Master!$N$66:$N$74)} -> 2 | E18: 8 | F18: 6 | G18: 6 | H18: 2 | I18: 0 | J18: 0 | K18: 0 | L18: 0 | M18: =SUM(D18:I18) -> 24 | N18: =(M18/C18)*100 -> 100 | O18: =SUM(D18:K18) -> 24 | P18: =(O18/C18)*100 -> 100
A19: 7A | B19: Cg Pieter | C19: =SUM(D19:L19) -> 25 | D19: {=TRANSPOSE([4]Master!$M$47:$M$55)} -> 0 | E19: 8 | F19: 7 | G19: 9 | H19: 0 | I19: 1 | J19: 0 | K19: 0 | L19: 0 | M19: =SUM(D19:I19) -> 25 | N19: =(M19/C19)*100 -> 100 | O19: =SUM(D19:K19) -> 25 | P19: =(O19/C19)*100 -> 100
A20: 7M | B20: Derek | C20: =SUM(D20:L20) -> 25 | D20: {=TRANSPOSE([5]Master!$N$66:$N$74)} -> 0 | E20: 10 | F20: 6 | G20: 1 | H20: 2 | I20: 5 | J20: 1 | K20: 0 | L20: 0 | M20: =SUM(D20:I20) -> 24 | N20: =(M20/C20)*100 -> 96 | O20: =SUM(D20:K20) -> 25 | P20: =(O20/C20)*100 -> 100
A21: 7I | B21: Cg Pieter | C21: =SUM(D21:L21) -> 24 | D21: {=TRANSPOSE([6]Master!$N$66:$N$74)} -> 2 | E21: 3 | F21: 3 | G21: 7 | H21: 4 | I21: 0 | J21: 3 | K21: 2 | L21: 0 | M21: =SUM(D21:I21) -> 19 | N21: =(M21/C21)*100 -> 79.166667 | O21: =SUM(D21:K21) -> 24 | P21: =(O21/C21)*100 -> 100
A22: 7C | B22: Cg Aimi | C22: =SUM(D22:L22) -> 20 | D22: {=TRANSPOSE([7]Master!$N$66:$N$74)} -> 0 | E22: 1 | F22: 0 | G22: 3 | H22: 4 | I22: 1 | J22: 4 | K22: 3 | L22: 4 | M22: =SUM(D22:I22) -> 9 | N22: =(M22/C22)*100 -> 45 | O22: =SUM(D22:K22) -> 16 | P22: =(O22/C22)*100 -> 80
B23: Overall | C23: =SUM(C16:C22) -> 156 | D23: =SUM(D16:D22) -> 9 | E23: =SUM(E16:E22) -> 50 | F23: =SUM(F16:F22) -> 29 | G23: =SUM(G16:G22) -> 32 | H23: =SUM(H16:H22) -> 12 | I23: =SUM(I16:I22) -> 7 | J23: =SUM(J16:J22) -> 8 | ... L23: =SUM(L16:L22) -> 4 | M23: =SUM(D23:I23) -> 139 | N23: =(M23/C23)*100 -> 89.102564 | O23: =SUM(D23:K23) -> 152 | P23: =(O23/C23)*100 -> 97.435897
A25: ISLAMIC RELIGIOUS KNOWLEDGE
D26: Distinction | F26: Credit | J26: Pass | L26: Fail
A27: Class | B27: Taught By | C27: Total | D27: A* | E27: A2 | F27: B3 | G27: B4 | H27: C5 | I27: C6 | J27: D7 | K27: E8 | L27: U | M27: Total 1-6 | N27: % 1-6 | O27: Total 1-8 | P27: % 1-8
A28: 7D | B28: NASYURUL ATIKAH | C28: =SUM(D28:L28) -> 18 | D28: {=TRANSPOSE([1]Master!$S$47:$S$55)} -> 10 | E28: 2 | F28: 4 | G28: 1 | H28: 0 | I28: 0 | J28: 1 | K28: 0 | L28: 0 | M28: =SUM(D28:I28) -> 17 | N28: =(M28/C28)*100 -> 94.444444 | O28: =SUM(D28:K28) -> 18 | P28: =(O28/C28)*100 -> 100
A29: 7Y | B29: KASUMAWATI | C29: =SUM(D29:L29) -> 20 | D29: {=TRANSPOSE([2]Master!$T$66:$T$74)} -> 6 | E29: 9 | F29: 3 | G29: 1 | H29: 0 | I29: 1 | J29: 0 | K29: 0 | L29: 0 | M29: =SUM(D29:I29) -> 20 | N29: =(M29/C29)*100 -> 100 | O29: =SUM(D29:K29) -> 20 | P29: =(O29/C29)*100 -> 100
A30: 7N | B30: NASYURUL ATIKAH | C30: =SUM(D30:L30) -> 24 | D30: {=TRANSPOSE([3]Master!$T$66:$T$74)} -> 1 | E30: 5 | F30: 5 | G30: 6 | H30: 1 | I30: 3 | J30: 2 | K30: 1 | L30: 0 | M30: =SUM(D30:I30) -> 21 | N30: =(M30/C30)*100 -> 87.5 | O30: =SUM(D30:K30) -> 24 | P30: =(O30/C30)*100 -> 100
A31: 7A | B31: KASUMAWATI | C31: =SUM(D31:L31) -> 25 | D31: {=TRANSPOSE([4]Master!$S$47:$S$55)} -> 10 | E31: 8 | F31: 2 | G31: 0 | H31: 3 | I31: 1 | J31: 1 | K31: 0 | L31: 0 | M31: =SUM(D31:I31) -> 24 | N31: =(M31/C31)*100 -> 96 | O31: =SUM(D31:K31) -> 25 | P31: =(O31/C31)*100 -> 100
A32: 7M | B32: KASUMAWATI | C32: =SUM(D32:L32) -> 25 | D32: {=TRANSPOSE([5]Master!$T$66:$T$74)} -> 6 | E32: 8 | F32: 0 | G32: 3 | H32: 4 | I32: 0 | J32: 2 | K32: 0 | L32: 2 | M32: =SUM(D32:I32) -> 21 | N32: =(M32/C32)*100 -> 84 | O32: =SUM(D32:K32) -> 23 | P32: =(O32/C32)*100 -> 92
A33: 7I | B33: NASYURUL ATIKAH | C33: =SUM(D33:L33) -> 24 | D33: {=TRANSPOSE([6]Master!$T$66:$T$74)} -> 0 | E33: 0 | F33: 1 | G33: 3 | H33: 3 | I33: 3 | J33: 6 | K33: 4 | L33: 4 | M33: =SUM(D33:I33) -> 10 | N33: =(M33/C33)*100 -> 41.666667 | O33: =SUM(D33:K33) -> 20 | P33: =(O33/C33)*100 -> 83.333333
A34: 7C | B34: KASUMAWATI | C34: =SUM(D34:L34) -> 20 | D34: {=TRANSPOSE([7]Master!$T$66:$T$74)} -> 1 | E34: 2 | F34: 0 | G34: 3 | H34: 2 | I34: 2 | J34: 1 | K34: 5 | L34: 4 | M34: =SUM(D34:I34) -> 10 | N34: =(M34/C34)*100 -> 50 | O34: =SUM(D34:K34) -> 16 | P34: =(O34/C34)*100 -> 80
B35: Overall | C35: =SUM(C28:C34) -> 156 | D35: =SUM(D28:D34) -> 34 | E35: =SUM(E28:E34) -> 34 | F35: =SUM(F28:F34) -> 15 | G35: =SUM(G28:G34) -> 17 | H35: =SUM(H28:H34) -> 13 | I35: =SUM(I28:I34) -> 10 | J35: =SUM(J28:J34) -> 13 | ... L35: =SUM(L28:L34) -> 10 | M35: =SUM(D35:I35) -> 123 | N35: =(M35/C35)*100 -> 78.846154 | O35: =SUM(D35:K35) -> 146 | P35: =(O35/C35)*100 -> 93.589744
A37: SOCIAL STUDIES
D38: Distinction | F38: Credit | J38: Pass | L38: Fail
A39: Class | B39: Taught By | C39: Total | D39: A* | E39: A2 | F39: B3 | G39: B4 | H39: C5 | I39: C6 | J39: D7 | K39: E8 | L39: U | M39: Total 1-6 | N39: % 1-6 | O39: Total 1-8 | P39: % 1-8
A40: 7D | B40: SUNARDI | C40: =SUM(D40:L40) -> 18 | D40: {=TRANSPOSE([1]Master!$Y$47:$Y$55)} -> 0 | E40: 7 | F40: 5 | G40: 2 | H40: 3 | I40: 1 | J40: 0 | K40: 0 | L40: 0 | M40: =SUM(D40:I40) -> 18 | N40: =(M40/C40)*100 -> 100 | O40: =SUM(D40:K40) -> 18 | P40: =(O40/C40)*100 -> 100
A41: 7Y | B41: PG HJH MARLINAWATI | C41: =SUM(D41:L41) -> 20 | D41: {=TRANSPOSE([2]Master!$Z$66:$Z$74)} -> 3 | E41: 6 | F41: 2 | G41: 5 | H41: 1 | I41: 0 | J41: 2 | K41: 1 | L41: 0 | M41: =SUM(D41:I41) -> 17 | N41: =(M41/C41)*100 -> 85 | O41: =SUM(D41:K41) -> 20 | P41: =(O41/C41)*100 -> 100
A42: 7N | B42: DK MARIEAH | C42: =SUM(D42:L42) -> 24 | D42: {=TRANSPOSE([3]Master!$Z$66:$Z$74)} -> 0 | E42: 1 | F42: 4 | G42: 6 | H42: 5 | I42: 3 | J42: 5 | K42: 0 | L42: 0 | M42: =SUM(D42:I42) -> 19 | N42: =(M42/C42)*100 -> 79.166667 | O42: =SUM(D42:K42) -> 24 | P42: =(O42/C42)*100 -> 100
A43: 7A | B43: DK MARIEAH | C43: =SUM(D43:L43) -> 25 | D43: {=TRANSPOSE([4]Master!$Y$47:$Y$55)} -> 0 | E43: 0 | F43: 0 | G43: 3 | H43: 5 | I43: 6 | J43: 10 | K43: 1 | L43: 0 | M43: =SUM(D43:I43) -> 14 | N43: =(M43/C43)*100 -> 56 | O43: =SUM(D43:K43) -> 25 | P43: =(O43/C43)*100 -> 100
A44: 7M | B44: SUNARDI | C44: =SUM(D44:L44) -> 25 | D44: {=TRANSPOSE([5]Master!$Z$66:$Z$74)} -> 0 | E44: 2 | F44: 3 | G44: 1 | H44: 6 | I44: 3 | J44: 6 | K44: 3 | L44: 1 | M44: =SUM(D44:I44) -> 15 | N44: =(M44/C44)*100 -> 60 | O44: =SUM(D44:K44) -> 24 | P44: =(O44/C44)*100 -> 96
A45: 7I | B45: DK MARIEAH | C45: =SUM(D45:L45) -> 24 | D45: {=TRANSPOSE([6]Master!$Z$66:$Z$74)} -> 1 | E45: 0 | F45: 1 | G45: 1 | H45: 1 | I45: 3 | J45: 6 | K45: 8 | L45: 3 | M45: =SUM(D45:I45) -> 7 | N45: =(M45/C45)*100 -> 29.166667 | O45: =SUM(D45:K45) -> 21 | P45: =(O45/C45)*100 -> 87.5
A46: 7C | B46: PG HJH MARLINAWATI | C46: =SUM(D46:L46) -> 20 | D46: {=TRANSPOSE([7]Master!$Z$66:$Z$74)} -> 0 | E46: 0 | F46: 0 | G46: 2 | H46: 2 | I46: 3 | J46: 1 | K46: 4 | L46: 8 | M46: =SUM(D46:I46) -> 7 | N46: =(M46/C46)*100 -> 35 | O46: =SUM(D46:K46) -> 12 | P46: =(O46/C46)*100 -> 60
B47: Overall | C47: =SUM(C40:C46) -> 156 | D47: =SUM(D40:D46) -> 4 | E47: =SUM(E40:E46) -> 16 | F47: =SUM(F40:F46) -> 15 | G47: =SUM(G40:G46) -> 20 | H47: =SUM(H40:H46) -> 23 | I47: =SUM(I40:I46) -> 19 | J47: =SUM(J40:J46) -> 30 | ... L47: =SUM(L40:L46) -> 12 | M47: =SUM(D47:I47) -> 97 | N47: =(M47/C47)*100 -> 62.179487 | O47: =SUM(D47:K47) -> 144 | P47: =(O47/C47)*100 -> 92.307692
A49: MATHEMATICS
D50: Distinction | F50: Credit | J50: Pass | L50: Fail
A51: Class | B51: Taught By | C51: Total | D51: A* | E51: A2 | F51: B3 | G51: B4 | H51: C5 | I51: C6 | J51: D7 | K51: E8 | L51: U | M51: Total 1-6 | N51: % 1-6 | O51: Total 1-8 | P51: % 1-8
A52: 7D | B52: Ck Mahani | C52: =SUM(D52:L52) -> 18 | D52: {=TRANSPOSE([1]Master!$P$47:$P$55)} -> 1 | E52: 5 | F52: 2 | G52: 3 | H52: 5 | I52: 2 | J52: 0 | K52: 0 | L52: 0 | M52: =SUM(D52:I52) -> 18 | N52: =(M52/C52)*100 -> 100 | O52: =SUM(D52:K52) -> 18 | P52: =(O52/C52)*100 -> 100
A53: 7Y | B53: Ck Hjh Syuhairah | C53: =SUM(D53:L53) -> 20 | D53: {=TRANSPOSE([2]Master!$Q$66:$Q$74)} -> 0 | E53: 1 | F53: 1 | G53: 3 | H53: 4 | I53: 2 | J53: 4 | K53: 4 | L53: 1 | M53: =SUM(D53:I53) -> 11 | N53: =(M53/C53)*100 -> 55 | O53: =SUM(D53:K53) -> 19 | P53: =(O53/C53)*100 -> 95
A54: 7N | B54: Ck Ghani | C54: =SUM(D54:L54) -> 24 | D54: {=TRANSPOSE([3]Master!$Q$66:$Q$74)} -> 0 | E54: 0 | F54: 0 | G54: 1 | H54: 1 | I54: 5 | J54: 5 | K54: 6 | L54: 6 | M54: =SUM(D54:I54) -> 7 | N54: =(M54/C54)*100 -> 29.166667 | O54: =SUM(D54:K54) -> 18 | P54: =(O54/C54)*100 -> 75
A55: 7A | B55: Ck Dk Norazlina | C55: =SUM(D55:L55) -> 25 | D55: {=TRANSPOSE([4]Master!$P$47:$P$55)} -> 0 | E55: 0 | F55: 0 | G55: 2 | H55: 0 | I55: 2 | J55: 4 | K55: 9 | L55: 8 | M55: =SUM(D55:I55) -> 4 | N55: =(M55/C55)*100 -> 16 | O55: =SUM(D55:K55) -> 17 | P55: =(O55/C55)*100 -> 68
A56: 7M | B56: Ck Ghani | C56: =SUM(D56:L56) -> 25 | D56: {=TRANSPOSE([5]Master!$Q$66:$Q$74)} -> 0 | E56: 0 | F56: 0 | G56: 0 | H56: 0 | I56: 3 | J56: 2 | K56: 5 | L56: 15 | M56: =SUM(D56:I56) -> 3 | N56: =(M56/C56)*100 -> 12 | O56: =SUM(D56:K56) -> 10 | P56: =(O56/C56)*100 -> 40
A57: 7I | B57: Ck Mahani | C57: =SUM(D57:L57) -> 24 | D57: {=TRANSPOSE([6]Master!$Q$66:$Q$74)} -> 0 | E57: 0 | F57: 0 | G57: 0 | H57: 0 | I57: 1 | J57: 0 | K57: 1 | L57: 22 | M57: =SUM(D57:I57) -> 1 | N57: =(M57/C57)*100 -> 4.1666667 | O57: =SUM(D57:K57) -> 2 | P57: =(O57/C57)*100 -> 8.3333333
A58: 7C | B58: Ck Dk Norazlina | C58: =SUM(D58:L58) -> 20 | D58: {=TRANSPOSE([7]Master!$Q$66:$Q$74)} -> 0 | E58: 0 | F58: 0 | G58: 0 | H58: 0 | I58: 0 | J58: 0 | K58: 0 | L58: 20 | M58: =SUM(D58:I58) -> 0 | N58: =(M58/C58)*100 -> 0 | O58: =SUM(D58:K58) -> 0 | P58: =(O58/C58)*100 -> 0
B59: Overall | C59: =SUM(C52:C58) -> 156 | D59: =SUM(D52:D58) -> 1 | E59: =SUM(E52:E58) -> 6 | F59: =SUM(F52:F58) -> 3 | G59: =SUM(G52:G58) -> 9 | H59: =SUM(H52:H58) -> 10 | I59: =SUM(I52:I58) -> 15 | J59: =SUM(J52:J58) -> 15 | ... L59: =SUM(L52:L58) -> 72 | M59: =SUM(D59:I59) -> 44 | N59: =(M59/C59)*100 -> 28.205128 | O59: =SUM(D59:K59) -> 84 | P59: =(O59/C59)*100 -> 53.846154
A61: SCIENCE
D62: Distinction | F62: Credit | J62: Pass | L62: Fail
A63: Class | B63: Taught By | C63: Total | D63: A* | E63: A2 | F63: B3 | G63: B4 | H63: C5 | I63: C6 | J63: D7 | K63: E8 | L63: U | M63: Total 1-6 | N63: % 1-6 | O63: Total 1-8 | P63: % 1-8
A64: 7D | B64: Cg Abib | C64: =SUM(D64:L64) -> 18 | D64: {=TRANSPOSE([1]Master!$V$47:$V$55)} -> 2 | E64: 5 | F64: 4 | G64: 4 | H64: 1 | I64: 1 | J64: 1 | K64: 0 | L64: 0 | M64: =SUM(D64:I64) -> 17 | N64: =(M64/C64)*100 -> 94.444444 | O64: =SUM(D64:K64) -> 18 | P64: =(O64/C64)*100 -> 100
A65: 7Y | B65: Cg Pg Rosnani | C65: =SUM(D65:L65) -> 20 | D65: {=TRANSPOSE([2]Master!$W$66:$W$74)} -> 2 | E65: 9 | F65: 4 | G65: 2 | H65: 1 | I65: 2 | J65: 0 | K65: 0 | L65: 0 | M65: =SUM(D65:I65) -> 20 | N65: =(M65/C65)*100 -> 100 | O65: =SUM(D65:K65) -> 20 | P65: =(O65/C65)*100 -> 100
A66: 7N | B66: Cg Abdul Halim | C66: =SUM(D66:L66) -> 25 | D66: {=TRANSPOSE([4]Master!$V$47:$V$55)} -> 0 | E66: 3 | F66: 2 | G66: 4 | H66: 2 | I66: 7 | J66: 6 | K66: 1 | L66: 0 | M66: =SUM(D66:I66) -> 18 | N66: =(M66/C66)*100 -> 72 | O66: =SUM(D66:K66) -> 25 | P66: =(O66/C66)*100 -> 100
A67: 7A | B67: Cg Pg Rosnani | C67: =SUM(D67:L67) -> 25 | D67: {=TRANSPOSE([4]Master!$V$47:$V$55)} -> 0 | E67: 3 | F67: 2 | G67: 4 | H67: 2 | I67: 7 | J67: 6 | K67: 1 | L67: 0 | M67: =SUM(D67:I67) -> 18 | N67: =(M67/C67)*100 -> 72 | O67: =SUM(D67:K67) -> 25 | P67: =(O67/C67)*100 -> 100
A68: 7M | B68: Cg Abdul Halim | C68: =SUM(D68:L68) -> 25 | D68: {=TRANSPOSE([5]Master!$W$66:$W$74)} -> 0 | E68: 0 | F68: 2 | G68: 1 | H68: 3 | I68: 1 | J68: 10 | K68: 5 | L68: 3 | M68: =SUM(D68:I68) -> 7 | N68: =(M68/C68)*100 -> 28 | O68: =SUM(D68:K68) -> 22 | P68: =(O68/C68)*100 -> 88
A69: 7I | B69: Cg Abib | C69: =SUM(D69:L69) -> 24 | D69: {=TRANSPOSE([6]Master!$W$66:$W$74)} -> 1 | E69: 0 | F69: 0 | G69: 1 | H69: 1 | I69: 1 | J69: 6 | K69: 5 | L69: 9 | M69: =SUM(D69:I69) -> 4 | N69: =(M69/C69)*100 -> 16.666667 | O69: =SUM(D69:K69) -> 15 | P69: =(O69/C69)*100 -> 62.5
A70: 7C | B70: Cg Pg Rosnani | C70: =SUM(D70:L70) -> 20 | D70: {=TRANSPOSE([7]Master!$W$66:$W$74)} -> 0 | E70: 0 | F70: 0 | G70: 0 | H70: 0 | I70: 5 | J70: 1 | K70: 6 | L70: 8 | M70: =SUM(D70:I70) -> 5 | N70: =(M70/C70)*100 -> 25 | O70: =SUM(D70:K70) -> 12 | P70: =(O70/C70)*100 -> 60
B71: Overall | C71: =SUM(C64:C70) -> 157 | D71: =SUM(D64:D70) -> 5 | E71: =SUM(E64:E70) -> 20 | F71: =SUM(F64:F70) -> 14 | G71: =SUM(G64:G70) -> 16 | H71: =SUM(H64:H70) -> 10 | I71: =SUM(I64:I70) -> 24 | J71: =SUM(J64:J70) -> 30 | ... L71: =SUM(L64:L70) -> 20 | M71: =SUM(D71:I71) -> 89 | N71: =(M71/C71)*100 -> 56.687898 | O71: =SUM(D71:K71) -> 137 | P71: =(O71/C71)*100 -> 87.261146
A73: BAHASA ARAB
D74: Distinction | F74: Credit | J74: Pass | L74: Fail
A75: Class | B75: Taught By | C75: Total | D75: A* | E75: A2 | F75: B3 | G75: B4 | H75: C5 | I75: C6 | J75: D7 | K75: E8 | L75: U | M75: Total 1-6 | N75: % 1-6 | O75: Total 1-8 | P75: % 1-8
A76: 7D | B76: Hjh Juraine | C76: =SUM(D76:L76) -> 2 | D76: {=TRANSPOSE([1]Master!$AK$47:$AK$55)} -> 1 | E76: 0 | F76: 1 | G76: 0 | H76: 0 | I76: 0 | J76: 0 | K76: 0 | L76: 0 | M76: =SUM(D76:I76) -> 2 | N76: =(M76/C76)*100 -> 100 | O76: =SUM(D76:K76) -> 2 | P76: =(O76/C76)*100 -> 100
A77: 7N | B77: Hjh Juraine | C77: =SUM(D77:L77) -> 24 | D77: {=TRANSPOSE([3]Master!$AI$66:$AI$74)} -> 3 | E77: 10 | F77: 3 | G77: 3 | H77: 2 | I77: 2 | J77: 1 | K77: 0 | L77: 0 | M77: =SUM(D77:I77) -> 23 | N77: =(M77/C77)*100 -> 95.833333 | O77: =SUM(D77:K77) -> 24 | P77: =(O77/C77)*100 -> 100
A78: 7A | B78: Hjh Juraine | C78: =SUM(D78:L78) -> 25 | D78: {=TRANSPOSE([4]Master!$AH$47:$AH$55)} -> 3 | E78: 5 | F78: 6 | G78: 2 | H78: 4 | I78: 1 | J78: 1 | K78: 1 | L78: 2 | M78: =SUM(D78:I78) -> 21 | N78: =(M78/C78)*100 -> 84 | O78: =SUM(D78:K78) -> 23 | P78: =(O78/C78)*100 -> 92
A79: 7M | B79: Hjh Juraine | C79: =SUM(D79:L79) -> 25 | D79: {=TRANSPOSE([5]Master!$AI$66:$AI$74)} -> 2 | E79: 4 | F79: 4 | G79: 0 | H79: 0 | I79: 5 | J79: 4 | K79: 5 | L79: 1 | M79: =SUM(D79:I79) -> 15 | N79: =(M79/C79)*100 -> 60 | O79: =SUM(D79:K79) -> 24 | P79: =(O79/C79)*100 -> 96
B80: Overall | C80: =SUM(C76:C79) -> 76 | D80: =SUM(D76:D79) -> 9 | E80: =SUM(E76:E79) -> 19 | F80: =SUM(F76:F79) -> 14 | G80: =SUM(G76:G79) -> 5 | H80: =SUM(H76:H79) -> 6 | I80: =SUM(I76:I79) -> 8 | J80: =SUM(J76:J79) -> 6 | ... L80: =SUM(L76:L79) -> 3 | M80: =SUM(D80:I80) -> 61 | N80: =((M80/C80)*100) -> 80.263158 | O80: =SUM(D80:K80) -> 73 | P80: =((O80/C80)*100) -> 96.052632
A82: MELAYU ISLAM BERAJA
D83: Distinction | F83: Credit | J83: Pass | L83: Fail
A84: Class | B84: Taught By | C84: Total | D84: A* | E84: A2 | F84: B3 | G84: B4 | H84: C5 | I84: C6 | J84: D7 | K84: E8 | L84: U | M84: Total 1-6 | N84: % 1-6 | O84: Total 1-8 | P84: % 1-8
A85: 7D | B85: Cg Yussof | C85: =SUM(D85:L85) -> 18 | D85: {=TRANSPOSE([1]Master!$AB$47:$AB$55)} -> 10 | E85: 4 | F85: 3 | G85: 1 | H85: 0 | I85: 0 | J85: 0 | K85: 0 | L85: 0 | M85: =SUM(D85:I85) -> 18 | N85: =(M85/C85)*100 -> 100 | O85: =SUM(D85:K85) -> 18 | P85: =(O85/C85)*100 -> 100
A86: 7Y | B86: Cg Yussof | C86: =SUM(D86:L86) -> 20 | D86: {=TRANSPOSE([2]Master!$AC$66:$AC$74)} -> 6 | E86: 8 | F86: 2 | G86: 3 | H86: 0 | I86: 0 | J86: 1 | K86: 0 | L86: 0 | M86: =SUM(D86:I86) -> 19 | N86: =(M86/C86)*100 -> 95 | O86: =SUM(D86:K86) -> 20 | P86: =(O86/C86)*100 -> 100
A87: 7N | B87: Cg Siti Noor Rahayu | C87: =SUM(D87:L87) -> 24 | D87: {=TRANSPOSE([3]Master!$AC$66:$AC$74)} -> 3 | E87: 11 | F87: 4 | G87: 3 | H87: 1 | I87: 2 | J87: 0 | K87: 0 | L87: 0 | M87: =SUM(D87:I87) -> 24 | N87: =(M87/C87)*100 -> 100 | O87: =SUM(D87:K87) -> 24 | P87: =(O87/C87)*100 -> 100
A88: 7A | B88: Cg Yussof | C88: =SUM(D88:L88) -> 25 | D88: {=TRANSPOSE([4]Master!$AB$47:$AB$55)} -> 2 | E88: 10 | F88: 2 | G88: 4 | H88: 3 | I88: 2 | J88: 2 | K88: 0 | L88: 0 | M88: =SUM(D88:I88) -> 23 | N88: =(M88/C88)*100 -> 92 | O88: =SUM(D88:K88) -> 25 | P88: =(O88/C88)*100 -> 100
A89: 7M | B89: Cg Siti Noor Rahayu | C89: =SUM(D89:L89) -> 25 | D89: {=TRANSPOSE([5]Master!$AC$66:$AC$74)} -> 0 | E89: 7 | F89: 5 | G89: 4 | H89: 1 | I89: 0 | J89: 5 | K89: 2 | L89: 1 | M89: =SUM(D89:I89) -> 17 | N89: =(M89/C89)*100 -> 68 | O89: =SUM(D89:K89) -> 24 | P89: =(O89/C89)*100 -> 96
A90: 7I | B90: Cg Amalina | C90: =SUM(D90:L90) -> 24 | D90: {=TRANSPOSE([6]Master!$AC$66:$AC$74)} -> 2 | E90: 7 | F90: 5 | G90: 2 | H90: 4 | I90: 0 | J90: 3 | K90: 0 | L90: 1 | M90: =SUM(D90:I90) -> 20 | N90: =(M90/C90)*100 -> 83.333333 | O90: =SUM(D90:K90) -> 23 | P90: =(O90/C90)*100 -> 95.833333
A91: 7C | B91: Cg Yussof | C91: =SUM(D91:L91) -> 20 | D91: {=TRANSPOSE([7]Master!$AC$66:$AC$74)} -> 0 | E91: 0 | F91: 2 | G91: 2 | H91: 1 | I91: 2 | J91: 5 | K91: 1 | L91: 7 | M91: =SUM(D91:I91) -> 7 | N91: =(M91/C91)*100 -> 35 | O91: =SUM(D91:K91) -> 13 | P91: =(O91/C91)*100 -> 65
B92: Overall | C92: =SUM(C85:C91) -> 156 | D92: =SUM(D85:D91) -> 23 | E92: =SUM(E85:E91) -> 47 | F92: =SUM(F85:F91) -> 23 | G92: =SUM(G85:G91) -> 19 | H92: =SUM(H85:H91) -> 10 | I92: =SUM(I85:I91) -> 6 | J92: =SUM(J85:J91) -> 16 | ... L92: =SUM(L85:L91) -> 9 | M92: =SUM(D92:I92) -> 128 | N92: =(M92/C92)*100 -> 82.051282 | O92: =SUM(D92:K92) -> 147 | P92: =(O92/C92)*100 -> 94.230769
A94: DRAMA
D95: Distinction | F95: Credit | J95: Pass | L95: Fail
A96: Class | B96: Taught By | C96: Total | D96: A* | E96: A2 | F96: B3 | G96: B4 | H96: C5 | I96: C6 | J96: D7 | K96: E8 | L96: U | M96: Total 1-6 | N96: % 1-6 | O96: Total 1-8 | P96: % 1-8
A97: 7D | B97: Cg Jalilah | C97: =SUM(D97:L97) -> 16 | D97: {=TRANSPOSE([1]Master!$AH$47:$AH$55)} -> 13 | E97: 3 | F97: 0 | G97: 0 | H97: 0 | I97: 0 | J97: 0 | K97: 0 | L97: 0 | M97: =SUM(D97:I97) -> 16 | N97: =(M97/C97)*100 -> 100 | O97: =SUM(D97:K97) -> 16 | P97: =(O97/C97)*100 -> 100
A98: 7Y | B98: Cg Jalilah | C98: =SUM(D98:L98) -> 20 | D98: {=TRANSPOSE([2]Master!$AI$66:$AI$74)} -> 13 | E98: 7 | F98: 0 | G98: 0 | H98: 0 | I98: 0 | J98: 0 | K98: 0 | L98: 0 | M98: =SUM(D98:I98) -> 20 | N98: =(M98/C98)*100 -> 100 | O98: =SUM(D98:K98) -> 20 | P98: =(O98/C98)*100 -> 100
B99: Overall | C99: =SUM(C97:C98) -> 36 | D99: =SUM(D97:D98) -> 26 | E99: =SUM(E97:E98) -> 10 | F99: =SUM(F97:F98) -> 0 | G99: =SUM(G97:G98) -> 0 | H99: =SUM(H97:H98) -> 0 | I99: =SUM(I97:I98) -> 0 | J99: =SUM(J97:J98) -> 0 | ... L99: =SUM(L97:L98) -> 0 | M99: =SUM(D99:I99) -> 36 | N99: =(M99/C99)*100 -> 100 | O99: =SUM(D99:K99) -> 36 | P99: =(O99/C99)*100 -> 100
D101: NO AVAILABLE FOR DRAMA
A102: OVERALL PERFORMANCES
D104: Distinction | F104: Credit | J104: Pass | L104: Fail
A105: Subject | C105: Total | D105: A* | E105: A2 | F105: B3 | G105: B4 | H105: C5 | I105: C6 | J105: D7 | K105: E8 | L105: U | M105: Total 1-6 | N105: % 1-6 | O105: Total 1-8 | P105: % 1-8
A106: Bahasa Melayu | C106: =C11 -> 156 | D106: =D11 -> 0 | E106: =E11 -> 12 | F106: =F11 -> 24 | G106: =G11 -> 27 | H106: =H11 -> 27 | I106: =I11 -> 28 | J106: =J11 -> 21 | ... P106: =P11 -> 94.871795
A107: English Language | C107: =C23 -> 156 | D107: =D23 -> 9 | E107: =E23 -> 50 | F107: =F23 -> 29 | G107: =G23 -> 32 | H107: =H23 -> 12 | I107: =I23 -> 7 | J107: =J23 -> 8 | ... P107: =P23 -> 97.435897
A108: I.R.K | C108: =C35 -> 156 | D108: =D35 -> 34 | E108: =E35 -> 34 | F108: =F35 -> 15 | G108: =G35 -> 17 | H108: =H35 -> 13 | I108: =I35 -> 10 | J108: =J35 -> 13 | ... P108: =P35 -> 93.589744
A109: Social Studies | C109: =C47 -> 156 | D109: =D47 -> 4 | E109: =E47 -> 16 | F109: =F47 -> 15 | G109: =G47 -> 20 | H109: =H47 -> 23 | I109: =I47 -> 19 | J109: =J47 -> 30 | ... P109: =P47 -> 92.307692
A110: Mathematics | C110: =C59 -> 156 | D110: =D59 -> 1 | E110: =E59 -> 6 | F110: =F59 -> 3 | G110: =G59 -> 9 | H110: =H59 -> 10 | I110: =I59 -> 15 | J110: =J59 -> 15 | ... P110: =P59 -> 53.846154
...

Sheet CHART
A2: Subjects | B2: % 1-6 | C2: % 1-8
A3: Bahasa Melayu | B3: ='YEAR 7'!N11 -> 75.641026 | C3: ='YEAR 7'!P11 -> 94.871795
A4: English Language | B4: ='YEAR 7'!N23 -> 89.102564 | C4: ='YEAR 7'!P23 -> 97.435897
A5: I.R.K | B5: ='YEAR 7'!N35 -> 78.846154 | C5: ='YEAR 7'!P35 -> 93.589744
A6: Social Studies | B6: ='YEAR 7'!N109 -> 62.179487 | C6: ='YEAR 7'!P109 -> 92.307692
A7: Mathematics | B7: ='YEAR 7'!N59 -> 28.205128 | C7: ='YEAR 7'!P59 -> 53.846154
A8: Science | B8: ='YEAR 7'!N71 -> 56.687898 | C8: ='YEAR 7'!P71 -> 87.261146
A9: Bahasa Arab | B9: ='YEAR 7'!N80 -> 80.263158 | C9: ='YEAR 7'!P80 -> 96.052632
A10: Melayu Islam Beraja | B10: ='YEAR 7'!N92 -> 82.051282 | C10: ='YEAR 7'!P92 -> 94.230769
A11: Drama | B11: ='YEAR 7'!P99 -> 100 | C11: ='YEAR 7'!P99 -> 100

Sheet 3'O' and 5'O' & above
A1: YEAR 7, END OF YEAR EXAMINATION 2025
B3: No. of Candidates | C3: No. of Credits Obtained | L3: 5 'O' & above | N3: 3 'O' & above
C4: 8 | D4: 7 | E4: 6 | F4: 5 | G4: 4 | H4: 3 | I4: 2 | J4: 1 | K4: 0 | L4: No. of Candidates | M4: % | N4: No. of Candidates | O4: %
A5: 7D | B5: =SUM(C5:K5) -> 18 | C5: {=TRANSPOSE([1]Master!$BO$48:$BO$56)} -> 16 | D5: 1 | E5: 1 | F5: 0 | G5: 0 | H5: 0 | I5: 0 | J5: 0 | K5: 0 | L5: =SUM(C5:F5) -> 18 | M5: =L5/B5 -> 1 | N5: =SUM(C5:H5) -> 18 | O5: =N5/B5 -> 1
A6: 7Y | B6: =SUM(C6:K6) -> 21 | C6: {=TRANSPOSE([2]Master!$BJ$65:$BJ$73)} -> 0 | D6: 0 | E6: 0 | F6: 20 | G6: 0 | H6: 1 | I6: 0 | J6: 0 | K6: 0 | L6: =SUM(C6:F6) -> 20 | M6: =L6/B6 -> 0.95238095 | N6: =SUM(C6:H6) -> 21 | O6: =N6/B6 -> 1
A7: 7N | B7: =SUM(C7:K7) -> 24 | C7: {=TRANSPOSE([3]Master!$BB$67:$BB$75)} -> 6 | D7: 8 | E7: 4 | F7: 5 | G7: 1 | H7: 0 | I7: 0 | J7: 0 | K7: 0 | L7: =SUM(C7:F7) -> 23 | M7: =L7/B7 -> 0.95833333 | N7: =SUM(C7:H7) -> 24 | O7: =N7/B7 -> 1
A8: 7A | B8: =SUM(C8:K8) -> 25 | C8: {=TRANSPOSE([4]Master!$BO$48:$BO$56)} -> 3 | D8: 9 | E8: 7 | F8: 3 | G8: 2 | H8: 0 | I8: 0 | J8: 1 | K8: 0 | L8: =SUM(C8:F8) -> 22 | M8: =L8/B8 -> 0.88 | N8: =SUM(C8:H8) -> 24 | O8: =N8/B8 -> 0.96
A9: 7M | B9: =SUM(C9:K9) -> 25 | C9: {=TRANSPOSE([5]Master!$BP$65:$BP$73)} -> 0 | D9: 4 | E9: 6 | F9: 2 | G9: 6 | H9: 3 | I9: 4 | J9: 0 | K9: 0 | L9: =SUM(C9:F9) -> 12 | M9: =L9/B9 -> 0.48 | N9: =SUM(C9:H9) -> 21 | O9: =N9/B9 -> 0.84
A10: 7I | B10: =SUM(C10:K10) -> 24 | C10: {=TRANSPOSE([6]Master!$BP$66:$BP$74)} -> 0 | D10: 0 | E10: 0 | F10: 0 | G10: 2 | H10: 6 | I10: 8 | J10: 1 | K10: 7 | L10: =SUM(C10:F10) -> 0 | M10: =L10/B10 -> 0 | N10: =SUM(C10:H10) -> 8 | O10: =N10/B10 -> 0.33333333
A11: 7C | B11: =SUM(C11:K11) -> 20 | C11: {=TRANSPOSE([7]Master!$BP$67:$BP$75)} -> 0 | D11: 0 | E11: 1 | F11: 3 | G11: 0 | H11: 4 | I11: 3 | J11: 3 | K11: 6 | L11: =SUM(C11:F11) -> 4 | M11: =L11/B11 -> 0.2 | N11: =SUM(C11:H11) -> 8 | O11: =N11/B11 -> 0.4
A12: Total No. of Candidates | B12: =SUM(B5:B11) -> 157 | C12: =SUM(C5:C11) -> 25 | D12: =SUM(D5:D11) -> 22 | E12: =SUM(E5:E11) -> 19 | F12: =SUM(F5:F11) -> 33 | G12: =SUM(G5:G11) -> 11 | H12: =SUM(H5:H11) -> 14 | I12: =SUM(I5:I11) -> 15 | ... K12: =SUM(K5:K11) -> 13 | L12: =SUM(C12:F12) -> 99 | M12: =L12/B12 -> 0.63057325 | N12: =SUM(N5:N11) -> 124 | O12: =N12/B12 -> 0.78980892
A14: % obtained 5'O' & above | B14: =$M$12 -> 0.63057325
A15: % obtained 3'O' & above | B15: =$O$12 -> 0.78980892

Sheet No.of Credits Attained
A1: ='3''O'' and 5''O'' & above'!$A$1 -> YEAR 7, END OF YEAR EXAMINATION 2025
A3: No. Of Candidate Registered | E3: 200
A4: No. Of Candidate Sitting | E4: ='3''O'' and 5''O'' & above'!$B$12 -> 157
A5: Withdrawn | E5: 0
A7: Credit Attained | B7: No. Of Student | C7: %
A8: 8 | B8: ='3''O'' and 5''O'' & above'!$C$12 -> 25 | C8: =B8/B17 -> 0.15923567
A9: 7 | B9: ='3''O'' and 5''O'' & above'!$D$12 -> 22 | C9: =B9/B17 -> 0.14012739
A10: 6 | B10: ='3''O'' and 5''O'' & above'!$E$12 -> 19 | C10: =B10/B17 -> 0.12101911
A11: 5 | B11: ='3''O'' and 5''O'' & above'!$F$12 -> 33 | C11: =B11/B17 -> 0.21019108
A12: 4 | B12: ='3''O'' and 5''O'' & above'!$G$12 -> 11 | C12: =B12/B17 -> 0.070063694
A13: 3 | B13: ='3''O'' and 5''O'' & above'!$H12 -> 14 | C13: =B13/B17 -> 0.089171975
A14: 2 | B14: ='3''O'' and 5''O'' & above'!$I$12 -> 15 | C14: =B14/B17 -> 0.095541401
A15: 1 | B15: ='3''O'' and 5''O'' & above'!$J$12 -> 5 | C15: =B15/B17 -> 0.031847134
A16: 0 | B16: ='3''O'' and 5''O'' & above'!$K$12 -> 13 | C16: =B16/B17 -> 0.082802548
A17: Total | B17: =SUM(B8:B16) -> 157 | C17: =SUM(C8:C16) -> 1
C20: No. of Student | D20: %
A21: 3 or more Credits | C21: =SUM(B8:C13) -> 124.78981 | D21: =C21/B17 -> 0.79483955
A22: 4 or more Credits | C22: =SUM(B8:C12) -> 110.70064 | D22: =C22/B17 -> 0.7050996
A23: 5 or more Credits | C23: =SUM(B8:C11) -> 99.630573 | D23: =C23/B17 -> 0.63458964

Sheet class avg
A2: Class + No of stdn | B2: Class Avg
A3: 10Sci1
A4: 11Sci2
A5: 11Sci3
A6: 11P
A7: 11E
A8: 11A
A9: 11R
A10: 11L

Sheet By Class
A2: Menengah 4A
D3: Distinction | F3: Credit | J3: Pass | L3: Fail
A4: Subjects | B4: Taught By | C4: Total | D4: 1 | E4: 2 | F4: 3 | G4: 4 | H4: 5 | I4: 6 | J4: 7 | K4: 8 | L4: 9 | M4: Total 1-6 | N4: % 1-6 | O4: Total 1-8 | P4: % 1-8
A5: B.Melayu | N5: =((M5/C5)*100) -> #DIV/0! | O5: =SUM(D5:K5) -> 0 | P5: =((O5/C5)*100) -> #DIV/0!
A6: English | N6: =((M6/C6)*100) -> #DIV/0! | O6: =SUM(D6:K6) -> 0 | P6: =((O6/C6)*100) -> #DIV/0!
A7: Maths | N7: =((M7/C7)*100) -> #DIV/0! | O7: =SUM(D7:K7) -> 0 | P7: =((O7/C7)*100) -> #DIV/0!
A8: Add Maths | N8: =((M8/C8)*100) -> #DIV/0! | O8: =SUM(D8:K8) -> 0 | P8: =((O8/C8)*100) -> #DIV/0!
A9: Physics | N9: =((M9/C9)*100) -> #DIV/0! | O9: =SUM(D9:K9) -> 0 | P9: =((O9/C9)*100) -> #DIV/0!
A10: Chemistry | N10: =((M10/C10)*100) -> #DIV/0! | O10: =SUM(D10:K10) -> 0 | P10: =((O10/C10)*100) -> #DIV/0!
A11: Biology | N11: =((M11/C11)*100) -> #DIV/0! | O11: =SUM(D11:K11) -> 0 | P11: =((O11/C11)*100) -> #DIV/0!
A12: Geography | N12: =((M12/C12)*100) -> #DIV/0! | O12: =SUM(D12:K12) -> 0 | P12: =((O12/C12)*100) -> #DIV/0!
A13: Computer | N13: =((M13/C13)*100) -> #DIV/0! | O13: =SUM(D13:K13) -> 0 | P13: =((O13/C13)*100) -> #DIV/0!
N14: =AVERAGE(N5:N13) -> #DIV/0! | P14: =AVERAGE(P5:P13) -> #DIV/0!
A16: Menengah 4B
D17: Distinction | F17: Credit | J17: Pass | L17: Fail
A18: Subjects | B18: Taught By | C18: Total | D18: 1 | E18: 2 | F18: 3 | G18: 4 | H18: 5 | I18: 6 | J18: 7 | K18: 8 | L18: 9 | M18: Total 1-6 | N18: % 1-6 | O18: Total 1-8 | P18: % 1-8
A19: B.Melayu | N19: =((M19/C19)*100) -> #DIV/0! | O19: =SUM(D19:K19) -> 0 | P19: =((O19/C19)*100) -> #DIV/0!
A20: English | N20: =((M20/C20)*100) -> #DIV/0! | O20: =SUM(D20:K20) -> 0 | P20: =((O20/C20)*100) -> #DIV/0!
A21: Maths | N21: =((M21/C21)*100) -> #DIV/0! | O21: =SUM(D21:K21) -> 0 | P21: =((O21/C21)*100) -> #DIV/0!
A22: Physics | N22: =((M22/C22)*100) -> #DIV/0! | O22: 10 | P22: =((O22/C22)*100) -> #DIV/0!
A23: Chemistry | N23: =((M23/C23)*100) -> #DIV/0! | O23: 10 | P23: =((O23/C23)*100) -> #DIV/0!
A24: Biology | N24: =((M24/C24)*100) -> #DIV/0! | O24: 19 | P24: =((O24/C24)*100) -> #DIV/0!
A25: Geography | N25: =((M25/C25)*100) -> #DIV/0! | O25: 19 | P25: =((O25/C25)*100) -> #DIV/0!
A26: Economics | N26: =((M26/C26)*100) -> #DIV/0! | O26: 3 | P26: =((O26/C26)*100) -> #DIV/0!
A27: Computer | N27: =((M27/C27)*100) -> #DIV/0! | O27: 2 | P27: =((O27/C27)*100) -> #DIV/0!
A28: POA | N28: =((M28/C28)*100) -> #DIV/0! | O28: 12 | P28: =((O28/C28)*100) -> #DIV/0!
N29: =AVERAGE(N19:N28) -> #DIV/0! | P29: =AVERAGE(P19:P28) -> #DIV/0!
A31: Menengah 4C
D32: Distinction | F32: Credit | J32: Pass | L32: Fail
A33: Subjects | B33: Taught By | C33: Total | D33: 1 | E33: 2 | F33: 3 | G33: 4 | H33: 5 | I33: 6 | J33: 7 | K33: 8 | L33: 9 | M33: Total 1-6 | N33: % 1-6 | O33: Total 1-8 | P33: % 1-8
A34: B.Melayu | N34: =((M34/C34)*100) -> #DIV/0! | O34: 18 | P34: =((O34/C34)*100) -> #DIV/0!
A35: English | N35: =((M35/C35)*100) -> #DIV/0! | O35: 15 | P35: =((O35/C35)*100) -> #DIV/0!
A36: Maths | N36: =((M36/C36)*100) -> #DIV/0! | O36: 9 | P36: =((O36/C36)*100) -> #DIV/0!
A37: Comb Sc | N37: =((M37/C37)*100) -> #DIV/0! | O37: 6 | P37: =((O37/C37)*100) -> #DIV/0!
A38: Geography | N38: =((M38/C38)*100) -> #DIV/0! | O38: 7 | P38: =((O38/C38)*100) -> #DIV/0!
A39: History | N39: =((M39/C39)*100) -> #DIV/0! | O39: 14 | P39: =((O39/C39)*100) -> #DIV/0!
A40: IRK | N40: =((M40/C40)*100) -> #DIV/0! | O40: 16 | P40: =((O40/C40)*100) -> #DIV/0!
A41: Commerce | N41: =((M41/C41)*100) -> #DIV/0! | O41: 14 | P41: =((O41/C41)*100) -> #DIV/0!
A42: Agr Sc | N42: =((M42/C42)*100) -> #DIV/0! | O42: 2 | P42: =((O42/C42)*100) -> #DIV/0!
N43: =AVERAGE(N34:N42) -> #DIV/0! | P43: =AVERAGE(P34:P42) -> #DIV/0!
A45: Menengah 4D
D46: Distinction | F46: Credit | J46: Pass | L46: Fail
A47: Subjects | B47: Taught By | C47: Total | D47: 1 | E47: 2 | F47: 3 | G47: 4 | H47: 5 | I47: 6 | J47: 7 | K47: 8 | L47: 9 | M47: Total 1-6 | N47: % 1-6 | O47: Total 1-8 | P47: % 1-8
A48: B.Melayu | N48: =((M48/C48)*100) -> #DIV/0! | O48: 24 | P48: =((O48/C48)*100) -> #DIV/0!
A49: English | N49: =((M49/C49)*100) -> #DIV/0! | O49: 20 | P49: =((O49/C49)*100) -> #DIV/0!
A50: Maths | N50: =((M50/C50)*100) -> #DIV/0! | O50: 5 | P50: =((O50/C50)*100) -> #DIV/0!
A51: Comb Sc | N51: =((M51/C51)*100) -> #DIV/0! | O51: 10 | P51: =((O51/C51)*100) -> #DIV/0!
A52: Geography | N52: =((M52/C52)*100) -> #DIV/0! | O52: 12 | P52: =((O52/C52)*100) -> #DIV/0!
A53: History | N53: =((M53/C53)*100) -> #DIV/0! | O53: 13 | P53: =((O53/C53)*100) -> #DIV/0!
A54: IRK | N54: =((M54/C54)*100) -> #DIV/0! | O54: 22 | P54: =((O54/C54)*100) -> #DIV/0!
A55: Art | N55: =((M55/C55)*100) -> #DIV/0! | O55: 10 | P55: =((O55/C55)*100) -> #DIV/0!
A56: POA | N56: =((M56/C56)*100) -> #DIV/0! | O56: 8 | P56: =((O56/C56)*100) -> #DIV/0!
N57: =AVERAGE(N48:N56) -> #DIV/0! | P57: =AVERAGE(P48:P56) -> #DIV/0!
A59: Menengah 4E
D60: Distinction | F60: Credit | J60: Pass | L60: Fail
A61: Subjects | B61: Taught By | C61: Total | D61: 1 | E61: 2 | F61: 3 | G61: 4 | H61: 5 | I61: 6 | J61: 7 | K61: 8 | L61: 9 | M61: Total 1-6 | N61: % 1-6 | O61: Total 1-8 | P61: % 1-8
A62: B.Melayu | N62: =((M62/C62)*100) -> #DIV/0! | O62: 18 | P62: =((O62/C62)*100) -> #DIV/0!
A63: English | N63: =((M63/C63)*100) -> #DIV/0! | O63: 7 | P63: =((O63/C63)*100) -> #DIV/0!
A64: Maths | N64: =((M64/C64)*100) -> #DIV/0! | O64: 2 | P64: =((O64/C64)*100) -> #DIV/0!
A65: Comb Sc | N65: =((M65/C65)*100) -> #DIV/0! | O65: 1 | P65: =((O65/C65)*100) -> #DIV/0!
A66: Geography | N66: =((M66/C66)*100) -> #DIV/0! | O66: 9 | P66: =((O66/C66)*100) -> #DIV/0!
A67: IRK | N67: =((M67/C67)*100) -> #DIV/0! | O67: 15 | P67: =((O67/C67)*100) -> #DIV/0!
A68: Commerce | N68: =((M68/C68)*100) -> #DIV/0! | O68: 17 | P68: =((O68/C68)*100) -> #DIV/0!
A69: Sastera | N69: =((M69/C69)*100) -> #DIV/0! | O69: 17 | P69: =((O69/C69)*100) -> #DIV/0!
N70: =AVERAGE(N62:N69) -> #DIV/0! | P70: =AVERAGE(P62:P69) -> #DIV/0!
A72: Menengah 4F
D73: Distinction | F73: Credit | J73: Pass | L73: Fail
A74: Subjects | B74: Taught By | C74: Total | D74: 1 | E74: 2 | F74: 3 | G74: 4 | H74: 5 | I74: 6 | J74: 7 | K74: 8 | L74: 9 | M74: Total 1-6 | N74: % 1-6 | O74: Total 1-8 | P74: % 1-8
A75: B.Melayu | N75: =((M75/C75)*100) -> #DIV/0! | O75: 25 | P75: =((O75/C75)*100) -> #DIV/0!
A76: English | N76: =((M76/C76)*100) -> #DIV/0! | O76: 7 | P76: =((O76/C76)*100) -> #DIV/0!
A77: Maths | N77: =((M77/C77)*100) -> #DIV/0! | O77: 2 | P77: =((O77/C77)*100) -> #DIV/0!
A78: Comb Sc | N78: =((M78/C78)*100) -> #DIV/0! | O78: 9 | P78: =((O78/C78)*100) -> #DIV/0!
A79: Geography | N79: =((M79/C79)*100) -> #DIV/0! | O79: 3 | P79: =((O79/C79)*100) -> #DIV/0!
A80: IRK | N80: =((M80/C80)*100) -> #DIV/0! | O80: 24 | P80: =((O80/C80)*100) -> #DIV/0!
A81: POA | N81: =((M81/C81)*100) -> #DIV/0! | O81: 2 | P81: =((O81/C81)*100) -> #DIV/0!
A82: Sastera | N82: =((M82/C82)*100) -> #DIV/0! | O82: 24 | P82: =((O82/C82)*100) -> #DIV/0!
N83: =AVERAGE(N75:N82) -> #DIV/0! | P83: =AVERAGE(P75:P82) -> #DIV/0!
A86: Menengah 4G
D87: Distinction | F87: Credit | J87: Pass | L87: Fail
A88: Subjects | B88: Taught By | C88: Total | D88: 1 | E88: 2 | F88: 3 | G88: 4 | H88: 5 | I88: 6 | J88: 7 | K88: 8 | L88: 9 | M88: Total 1-6 | N88: % 1-6 | O88: Total 1-8 | P88: % 1-8
A89: B.Melayu | N89: =((M89/C89)*100) -> #DIV/0! | O89: 15 | P89: =((O89/C89)*100) -> #DIV/0!
A90: English | N90: =((M90/C90)*100) -> #DIV/0! | O90: 1 | P90: =((O90/C90)*100) -> #DIV/0!
A91: Maths | N91: =((M91/C91)*100) -> #DIV/0! | O91: 1 | P91: =((O91/C91)*100) -> #DIV/0!
A92: Comb Sc | N92: =((M92/C92)*100) -> #DIV/0! | O92: 0 | P92: =((O92/C92)*100) -> #DIV/0!
A93: Art | N93: =((M93/C93)*100) -> #DIV/0! | O93: 15 | P93: =((O93/C93)*100) -> #DIV/0!
A94: IRK | N94: =((M94/C94)*100) -> #DIV/0! | O94: 12 | P94: =((O94/C94)*100) -> #DIV/0!
A95: Sastera | N95: =((M95/C95)*100) -> #DIV/0! | O95: 13 | P95: =((O95/C95)*100) -> #DIV/0!
N96: =AVERAGE(N89:N95) -> #DIV/0! | P96: =AVERAGE(P89:P95) -> #DIV/0!
A99: Menengah 4H
D100: Distinction | F100: Credit | J100: Pass | L100: Fail
A101: Subjects | B101: Taught By | C101: Total | D101: 1 | E101: 2 | F101: 3 | G101: 4 | H101: 5 | I101: 6 | J101: 7 | K101: 8 | L101: 9 | M101: Total 1-6 | N101: % 1-6 | O101: Total 1-8 | P101: % 1-8
A102: B.Melayu | N102: =((M102/C102)*100) -> #DIV/0! | O102: 16 | P102: =((O102/C102)*100) -> #DIV/0!
A103: English | N103: =((M103/C103)*100) -> #DIV/0! | O103: 6 | P103: =((O103/C103)*100) -> #DIV/0!
A104: Maths | N104: =((M104/C104)*100) -> #DIV/0! | O104: 0 | P104: =((O104/C104)*100) -> #DIV/0!
A105: Comb Sc | N105: =((M105/C105)*100) -> #DIV/0! | O105: 0 | P105: =((O105/C105)*100) -> #DIV/0!
A106: Art | N106: =((M106/C106)*100) -> #DIV/0! | O106: 16 | P106: =((O106/C106)*100) -> #DIV/0!
A107: IRK | N107: =((M107/C107)*100) -> #DIV/0! | O107: 11 | P107: =((O107/C107)*100) -> #DIV/0!
A108: Sastera | N108: =((M108/C108)*100) -> #DIV/0! | O108: 12 | P108: =((O108/C108)*100) -> #DIV/0!
N109: =AVERAGE(N102:N108) -> #DIV/0! | P109: =AVERAGE(P102:P108) -> #DIV/0!
D115: Distinction | F115: Credit | J115: Pass | L115: Fail
...
